universityId,province,year,track,minScore,minRank,source
tsinghua,河北,2025,物理,695,180,real:csv/sample
tsinghua,河北,2024,物理,696,170,real:csv/sample
sjtu,河北,2025,物理,678,900,real:csv/sample
sjtu,河北,2024,物理,680,850,real:csv/sample
bupt,河北,2025,物理,636,8000,real:csv/sample
bupt,河北,2024,物理,638,7500,real:csv/sample
szu,河北,2025,物理,600,26000,real:csv/sample
szu,河北,2024,物理,603,25000,real:csv/sample
hit,河北,2025,物理,615,23000,real:csv/sample
hit,河北,2024,物理,621,20000,real:csv/sample
xidian,河北,2025,物理,612,25000,real:csv/sample
xidian,河北,2024,物理,614,24000,real:csv/sample
lzu,河北,2025,物理,588,38000,real:csv/sample
lzu,河北,2024,物理,595,34000,real:csv/sample
ncu,河北,2025,物理,575,48000,real:csv/sample
ncu,河北,2024,物理,583,43000,real:csv/sample
A003,山东,2025,综合,686,140,real:sdzk/投档线
A001,山东,2025,综合,684,178,real:sdzk/投档线
E430,山东,2025,综合,678,412,real:sdzk/投档线
A358,山东,2025,综合,672,696,real:sdzk/投档线
H001,山东,2025,综合,671,819,real:sdzk/投档线
A246,山东,2025,综合,671,821,real:sdzk/投档线
H248,山东,2025,综合,666,1311,real:sdzk/投档线
A002,山东,2025,综合,665,1313,real:sdzk/投档线
G213,山东,2025,综合,665,1390,real:sdzk/投档线
H246,山东,2025,综合,663,1560,real:sdzk/投档线
H335,山东,2025,综合,662,1728,real:sdzk/投档线
A248,山东,2025,综合,655,2788,real:sdzk/投档线
A614,山东,2025,综合,650,3650,real:sdzk/投档线
A055,山东,2025,综合,649,3850,real:sdzk/投档线
A486,山东,2025,综合,648,4015,real:sdzk/投档线
E325,山东,2025,综合,648,4091,real:sdzk/投档线
A335,山东,2025,综合,645,4628,real:sdzk/投档线
A006,山东,2025,综合,645,4657,real:sdzk/投档线
A247,山东,2025,综合,643,5082,real:sdzk/投档线
A286,山东,2025,综合,642,5294,real:sdzk/投档线
P002,山东,2025,综合,641,5702,real:sdzk/投档线
A284,山东,2025,综合,638,6495,real:sdzk/投档线
A558,山东,2025,综合,635,7219,real:sdzk/投档线
A056,山东,2025,综合,633,7918,real:sdzk/投档线
H002,山东,2025,综合,631,8570,real:sdzk/投档线
A384,山东,2025,综合,630,9061,real:sdzk/投档线
A269,山东,2025,综合,628,9633,real:sdzk/投档线
A007,山东,2025,综合,628,9817,real:sdzk/投档线
A561,山东,2025,综合,628,9923,real:sdzk/投档线
A027,山东,2025,综合,623,11827,real:sdzk/投档线
A272,山东,2025,综合,620,13265,real:sdzk/投档线
H027,山东,2025,综合,619,13722,real:sdzk/投档线
A288,山东,2025,综合,618,14353,real:sdzk/投档线
A422,山东,2025,综合,618,14388,real:sdzk/投档线
Y024,山东,2025,综合,615,15539,real:sdzk/投档线
H422,山东,2025,综合,615,15712,real:sdzk/投档线
E596,山东,2025,综合,615,15875,real:sdzk/投档线
A699,山东,2025,综合,613,16919,real:sdzk/投档线
A053,山东,2025,综合,612,17600,real:sdzk/投档线
A271,山东,2025,综合,611,17909,real:sdzk/投档线
A487,山东,2025,综合,610,18287,real:sdzk/投档线
A276,山东,2025,综合,610,18765,real:sdzk/投档线
A034,山东,2025,综合,608,19534,real:sdzk/投档线
A611,山东,2025,综合,608,19771,real:sdzk/投档线
A008,山东,2025,综合,608,19808,real:sdzk/投档线
H213,山东,2025,综合,607,20314,real:sdzk/投档线
A213,山东,2025,综合,606,21106,real:sdzk/投档线
A730,山东,2025,综合,605,21432,real:sdzk/投档线
A141,山东,2025,综合,603,22791,real:sdzk/投档线
A268,山东,2025,综合,603,23169,real:sdzk/投档线
A013,山东,2025,综合,602,23597,real:sdzk/投档线
A251,山东,2025,综合,601,24471,real:sdzk/投档线
A054,山东,2025,综合,597,27035,real:sdzk/投档线
A698,山东,2025,综合,597,27558,real:sdzk/投档线
A030,山东,2025,综合,596,27811,real:sdzk/投档线
A293,山东,2025,综合,596,27947,real:sdzk/投档线
A255,山东,2025,综合,596,28103,real:sdzk/投档线
A511,山东,2025,综合,594,29878,real:sdzk/投档线
B414,山东,2025,综合,593,30015,real:sdzk/投档线
A425,山东,2025,综合,593,30031,real:sdzk/投档线
A287,山东,2025,综合,593,30064,real:sdzk/投档线
A145,山东,2025,综合,593,30096,real:sdzk/投档线
A183,山东,2025,综合,593,30221,real:sdzk/投档线
A610,山东,2025,综合,592,31664,real:sdzk/投档线
A023,山东,2025,综合,590,33242,real:sdzk/投档线
Y030,山东,2025,综合,589,33851,real:sdzk/投档线
A319,山东,2025,综合,589,33866,real:sdzk/投档线
A004,山东,2025,综合,589,34014,real:sdzk/投档线
H614,山东,2025,综合,588,34446,real:sdzk/投档线
A036,山东,2025,综合,588,34454,real:sdzk/投档线
A062,山东,2025,综合,587,35732,real:sdzk/投档线
A079,山东,2025,综合,587,35971,real:sdzk/投档线
A285,山东,2025,综合,586,36208,real:sdzk/投档线
A701,山东,2025,综合,586,36653,real:sdzk/投档线
B415,山东,2025,综合,586,36706,real:sdzk/投档线
A028,山东,2025,综合,586,36740,real:sdzk/投档线
H145,山东,2025,综合,586,36863,real:sdzk/投档线
A533,山东,2025,综合,585,37019,real:sdzk/投档线
A274,山东,2025,综合,585,37291,real:sdzk/投档线
A005,山东,2025,综合,584,38102,real:sdzk/投档线
A423,山东,2025,综合,583,39839,real:sdzk/投档线
A652,山东,2025,综合,583,39980,real:sdzk/投档线
A051,山东,2025,综合,582,40477,real:sdzk/投档线
A359,山东,2025,综合,582,40544,real:sdzk/投档线
A697,山东,2025,综合,582,40988,real:sdzk/投档线
A574,山东,2025,综合,581,41154,real:sdzk/投档线
H359,山东,2025,综合,581,41258,real:sdzk/投档线
A559,山东,2025,综合,581,41303,real:sdzk/投档线
A651,山东,2025,综合,581,41746,real:sdzk/投档线
A052,山东,2025,综合,580,42142,real:sdzk/投档线
Y001,山东,2025,综合,580,42450,real:sdzk/投档线
A307,山东,2025,综合,580,42705,real:sdzk/投档线
A050,山东,2025,综合,579,43403,real:sdzk/投档线
A316,山东,2025,综合,579,43793,real:sdzk/投档线
A280,山东,2025,综合,579,43902,real:sdzk/投档线
A059,山东,2025,综合,579,43923,real:sdzk/投档线
A336,山东,2025,综合,578,44719,real:sdzk/投档线
A256,山东,2025,综合,578,45003,real:sdzk/投档线
A019,山东,2025,综合,578,45052,real:sdzk/投档线
P017,山东,2025,综合,578,45279,real:sdzk/投档线
B413,山东,2025,综合,576,46568,real:sdzk/投档线
P027,山东,2025,综合,576,46610,real:sdzk/投档线
A033,山东,2025,综合,576,47290,real:sdzk/投档线
A010,山东,2025,综合,576,47309,real:sdzk/投档线
C121,山东,2025,综合,576,47329,real:sdzk/投档线
A025,山东,2025,综合,576,47360,real:sdzk/投档线
A497,山东,2025,综合,575,47730,real:sdzk/投档线
H141,山东,2025,综合,575,48014,real:sdzk/投档线
A254,山东,2025,综合,575,48508,real:sdzk/投档线
A112,山东,2025,综合,575,48574,real:sdzk/投档线
A357,山东,2025,综合,574,48794,real:sdzk/投档线
A295,山东,2025,综合,574,49342,real:sdzk/投档线
A294,山东,2025,综合,574,49707,real:sdzk/投档线
A048,山东,2025,综合,573,50224,real:sdzk/投档线
A300,山东,2025,综合,573,50891,real:sdzk/投档线
H004,山东,2025,综合,573,50944,real:sdzk/投档线
A278,山东,2025,综合,572,51426,real:sdzk/投档线
A273,山东,2025,综合,572,51709,real:sdzk/投档线
A217,山东,2025,综合,572,51826,real:sdzk/投档线
A459,山东,2025,综合,572,51885,real:sdzk/投档线
A590,山东,2025,综合,572,51900,real:sdzk/投档线
A031,山东,2025,综合,572,52074,real:sdzk/投档线
E655,山东,2025,综合,571,52400,real:sdzk/投档线
A712,山东,2025,综合,571,52670,real:sdzk/投档线
A080,山东,2025,综合,571,52705,real:sdzk/投档线
A542,山东,2025,综合,571,52753,real:sdzk/投档线
A403,山东,2025,综合,571,53110,real:sdzk/投档线
A026,山东,2025,综合,571,53448,real:sdzk/投档线
A520,山东,2025,综合,570,53652,real:sdzk/投档线
A724,山东,2025,综合,570,54265,real:sdzk/投档线
F302,山东,2025,综合,570,54292,real:sdzk/投档线
A277,山东,2025,综合,569,54831,real:sdzk/投档线
A386,山东,2025,综合,569,55560,real:sdzk/投档线
A355,山东,2025,综合,568,56052,real:sdzk/投档线
A491,山东,2025,综合,568,56795,real:sdzk/投档线
H414,山东,2025,综合,568,56883,real:sdzk/投档线
A356,山东,2025,综合,568,57156,real:sdzk/投档线
A299,山东,2025,综合,567,57548,real:sdzk/投档线
A718,山东,2025,综合,567,57557,real:sdzk/投档线
A140,山东,2025,综合,567,57734,real:sdzk/投档线
B078,山东,2025,综合,567,57960,real:sdzk/投档线
A312,山东,2025,综合,567,58309,real:sdzk/投档线
D705,山东,2025,综合,565,60726,real:sdzk/投档线
B846,山东,2025,综合,565,60970,real:sdzk/投档线
A279,山东,2025,综合,564,61762,real:sdzk/投档线
A626,山东,2025,综合,563,63114,real:sdzk/投档线
F301,山东,2025,综合,563,63321,real:sdzk/投档线
A572,山东,2025,综合,562,63848,real:sdzk/投档线
A613,山东,2025,综合,562,64153,real:sdzk/投档线
A532,山东,2025,综合,562,64248,real:sdzk/投档线
A047,山东,2025,综合,562,64267,real:sdzk/投档线
E878,山东,2025,综合,562,64949,real:sdzk/投档线
A038,山东,2025,综合,561,66090,real:sdzk/投档线
A710,山东,2025,综合,561,66465,real:sdzk/投档线
A635,山东,2025,综合,560,66755,real:sdzk/投档线
A617,山东,2025,综合,560,67755,real:sdzk/投档线
A200,山东,2025,综合,559,69563,real:sdzk/投档线
A264,山东,2025,综合,558,69739,real:sdzk/投档线
A063,山东,2025,综合,558,70113,real:sdzk/投档线
A290,山东,2025,综合,558,70484,real:sdzk/投档线
A327,山东,2025,综合,557,71092,real:sdzk/投档线
P004,山东,2025,综合,557,71355,real:sdzk/投档线
A049,山东,2025,综合,557,71841,real:sdzk/投档线
A315,山东,2025,综合,556,72666,real:sdzk/投档线
A726,山东,2025,综合,556,73380,real:sdzk/投档线
A252,山东,2025,综合,556,73943,real:sdzk/投档线
A022,山东,2025,综合,555,74331,real:sdzk/投档线
A313,山东,2025,综合,555,74469,real:sdzk/投档线
A616,山东,2025,综合,554,76519,real:sdzk/投档线
A126,山东,2025,综合,553,77543,real:sdzk/投档线
A070,山东,2025,综合,553,77813,real:sdzk/投档线
H635,山东,2025,综合,552,79792,real:sdzk/投档线
F401,山东,2025,综合,552,80244,real:sdzk/投档线
F409,山东,2025,综合,552,80335,real:sdzk/投档线
A068,山东,2025,综合,551,80679,real:sdzk/投档线
B232,山东,2025,综合,551,81743,real:sdzk/投档线
A058,山东,2025,综合,551,82009,real:sdzk/投档线
B646,山东,2025,综合,550,82242,real:sdzk/投档线
B287,山东,2025,综合,550,82269,real:sdzk/投档线
B835,山东,2025,综合,550,82636,real:sdzk/投档线
B482,山东,2025,综合,550,82715,real:sdzk/投档线
A593,山东,2025,综合,550,83145,real:sdzk/投档线
A163,山东,2025,综合,550,83396,real:sdzk/投档线
A151,山东,2025,综合,550,83526,real:sdzk/投档线
A673,山东,2025,综合,550,83600,real:sdzk/投档线
B632,山东,2025,综合,549,84951,real:sdzk/投档线
F410,山东,2025,综合,548,86496,real:sdzk/投档线
A504,山东,2025,综合,548,86685,real:sdzk/投档线
C044,山东,2025,综合,547,88326,real:sdzk/投档线
A755,山东,2025,综合,547,88479,real:sdzk/投档线
A615,山东,2025,综合,547,88745,real:sdzk/投档线
B349,山东,2025,综合,546,89855,real:sdzk/投档线
A530,山东,2025,综合,546,90130,real:sdzk/投档线
B047,山东,2025,综合,545,91731,real:sdzk/投档线
B117,山东,2025,综合,545,92309,real:sdzk/投档线
A184,山东,2025,综合,544,93789,real:sdzk/投档线
A259,山东,2025,综合,543,94452,real:sdzk/投档线
A291,山东,2025,综合,542,96190,real:sdzk/投档线
A353,山东,2025,综合,542,96312,real:sdzk/投档线
B845,山东,2025,综合,542,96880,real:sdzk/投档线
A587,山东,2025,综合,541,98041,real:sdzk/投档线
A657,山东,2025,综合,541,98555,real:sdzk/投档线
A592,山东,2025,综合,541,99114,real:sdzk/投档线
A108,山东,2025,综合,541,99243,real:sdzk/投档线
A331,山东,2025,综合,540,99540,real:sdzk/投档线
A057,山东,2025,综合,540,100609,real:sdzk/投档线
A332,山东,2025,综合,539,101681,real:sdzk/投档线
A292,山东,2025,综合,539,101790,real:sdzk/投档线
A589,山东,2025,综合,539,101911,real:sdzk/投档线
A346,山东,2025,综合,539,103094,real:sdzk/投档线
A159,山东,2025,综合,538,103219,real:sdzk/投档线
A634,山东,2025,综合,538,103667,real:sdzk/投档线
A523,山东,2025,综合,537,105281,real:sdzk/投档线
A173,山东,2025,综合,537,105946,real:sdzk/投档线
B105,山东,2025,综合,537,106354,real:sdzk/投档线
A060,山东,2025,综合,537,106993,real:sdzk/投档线
B113,山东,2025,综合,536,108391,real:sdzk/投档线
F405,山东,2025,综合,536,108393,real:sdzk/投档线
A015,山东,2025,综合,536,108510,real:sdzk/投档线
A475,山东,2025,综合,535,110678,real:sdzk/投档线
Y006,山东,2025,综合,534,111527,real:sdzk/投档线
A337,山东,2025,综合,534,111693,real:sdzk/投档线
A344,山东,2025,综合,534,112129,real:sdzk/投档线
A488,山东,2025,综合,534,112176,real:sdzk/投档线
A016,山东,2025,综合,534,112334,real:sdzk/投档线
D982,山东,2025,综合,532,114691,real:sdzk/投档线
B660,山东,2025,综合,532,114991,real:sdzk/投档线
A650,山东,2025,综合,532,115051,real:sdzk/投档线
A065,山东,2025,综合,532,115090,real:sdzk/投档线
A564,山东,2025,综合,532,116061,real:sdzk/投档线
A390,山东,2025,综合,531,116703,real:sdzk/投档线
A560,山东,2025,综合,531,116851,real:sdzk/投档线
B079,山东,2025,综合,531,117307,real:sdzk/投档线
C453,山东,2025,综合,531,118019,real:sdzk/投档线
A850,山东,2025,综合,531,118027,real:sdzk/投档线
A759,山东,2025,综合,530,119146,real:sdzk/投档线
D819,山东,2025,综合,530,119576,real:sdzk/投档线
A043,山东,2025,综合,530,119722,real:sdzk/投档线
A694,山东,2025,综合,530,120002,real:sdzk/投档线
A385,山东,2025,综合,530,120338,real:sdzk/投档线
A927,山东,2025,综合,529,121269,real:sdzk/投档线
A017,山东,2025,综合,528,123113,real:sdzk/投档线
B664,山东,2025,综合,528,123426,real:sdzk/投档线
A345,山东,2025,综合,528,123771,real:sdzk/投档线
Y014,山东,2025,综合,528,124817,real:sdzk/投档线
A298,山东,2025,综合,528,124871,real:sdzk/投档线
A705,山东,2025,综合,527,125128,real:sdzk/投档线
A856,山东,2025,综合,527,125325,real:sdzk/投档线
A378,山东,2025,综合,527,125361,real:sdzk/投档线
A225,山东,2025,综合,527,125698,real:sdzk/投档线
A554,山东,2025,综合,527,126323,real:sdzk/投档线
A495,山东,2025,综合,527,126445,real:sdzk/投档线
A304,山东,2025,综合,527,126762,real:sdzk/投档线
A624,山东,2025,综合,527,127025,real:sdzk/投档线
B600,山东,2025,综合,526,127297,real:sdzk/投档线
A366,山东,2025,综合,526,127721,real:sdzk/投档线
A633,山东,2025,综合,526,127856,real:sdzk/投档线
B458,山东,2025,综合,526,127965,real:sdzk/投档线
A172,山东,2025,综合,526,128096,real:sdzk/投档线
A929,山东,2025,综合,526,128299,real:sdzk/投档线
B149,山东,2025,综合,526,128775,real:sdzk/投档线
D287,山东,2025,综合,526,128935,real:sdzk/投档线
D021,山东,2025,综合,526,129064,real:sdzk/投档线
A338,山东,2025,综合,525,129391,real:sdzk/投档线
A729,山东,2025,综合,525,131082,real:sdzk/投档线
A655,山东,2025,综合,524,131398,real:sdzk/投档线
A393,山东,2025,综合,524,131608,real:sdzk/投档线
A743,山东,2025,综合,524,132694,real:sdzk/投档线
A749,山东,2025,综合,524,132701,real:sdzk/投档线
A588,山东,2025,综合,524,132882,real:sdzk/投档线
A585,山东,2025,综合,523,134577,real:sdzk/投档线
A525,山东,2025,综合,523,134890,real:sdzk/投档线
A089,山东,2025,综合,523,135035,real:sdzk/投档线
B106,山东,2025,综合,523,135533,real:sdzk/投档线
A011,山东,2025,综合,522,135917,real:sdzk/投档线
A445,山东,2025,综合,522,136687,real:sdzk/投档线
A164,山东,2025,综合,522,137501,real:sdzk/投档线
A456,山东,2025,综合,521,138035,real:sdzk/投档线
A621,山东,2025,综合,521,138517,real:sdzk/投档线
A369,山东,2025,综合,521,138658,real:sdzk/投档线
A631,山东,2025,综合,521,139164,real:sdzk/投档线
A716,山东,2025,综合,520,140383,real:sdzk/投档线
B654,山东,2025,综合,520,140501,real:sdzk/投档线
A289,山东,2025,综合,520,141100,real:sdzk/投档线
A524,山东,2025,综合,520,141534,real:sdzk/投档线
A224,山东,2025,综合,519,142100,real:sdzk/投档线
A073,山东,2025,综合,519,142424,real:sdzk/投档线
A110,山东,2025,综合,519,143487,real:sdzk/投档线
B560,山东,2025,综合,519,143679,real:sdzk/投档线
A732,山东,2025,综合,519,144065,real:sdzk/投档线
A107,山东,2025,综合,518,144465,real:sdzk/投档线
A632,山东,2025,综合,518,145370,real:sdzk/投档线
B540,山东,2025,综合,518,145866,real:sdzk/投档线
B332,山东,2025,综合,518,146195,real:sdzk/投档线
A069,山东,2025,综合,518,146200,real:sdzk/投档线
B969,山东,2025,综合,517,147631,real:sdzk/投档线
A066,山东,2025,综合,517,148332,real:sdzk/投档线
B799,山东,2025,综合,517,148362,real:sdzk/投档线
A490,山东,2025,综合,516,149219,real:sdzk/投档线
D291,山东,2025,综合,516,149320,real:sdzk/投档线
A704,山东,2025,综合,516,150192,real:sdzk/投档线
B460,山东,2025,综合,516,150377,real:sdzk/投档线
B075,山东,2025,综合,516,150963,real:sdzk/投档线
A536,山东,2025,综合,515,151441,real:sdzk/投档线
A165,山东,2025,综合,515,151801,real:sdzk/投档线
A207,山东,2025,综合,515,152025,real:sdzk/投档线
A471,山东,2025,综合,515,152455,real:sdzk/投档线
A421,山东,2025,综合,515,152685,real:sdzk/投档线
B116,山东,2025,综合,515,152898,real:sdzk/投档线
A143,山东,2025,综合,515,153028,real:sdzk/投档线
B417,山东,2025,综合,515,153190,real:sdzk/投档线
B392,山东,2025,综合,514,153791,real:sdzk/投档线
B819,山东,2025,综合,514,154038,real:sdzk/投档线
A395,山东,2025,综合,514,154152,real:sdzk/投档线
C050,山东,2025,综合,514,154369,real:sdzk/投档线
D415,山东,2025,综合,514,154736,real:sdzk/投档线
A484,山东,2025,综合,514,154961,real:sdzk/投档线
D618,山东,2025,综合,513,155880,real:sdzk/投档线
Y003,山东,2025,综合,513,157047,real:sdzk/投档线
A394,山东,2025,综合,513,157273,real:sdzk/投档线
A858,山东,2025,综合,513,157396,real:sdzk/投档线
C107,山东,2025,综合,513,157626,real:sdzk/投档线
A075,山东,2025,综合,512,159048,real:sdzk/投档线
A702,山东,2025,综合,512,159360,real:sdzk/投档线
C631,山东,2025,综合,512,160063,real:sdzk/投档线
A462,山东,2025,综合,512,160199,real:sdzk/投档线
A351,山东,2025,综合,511,160805,real:sdzk/投档线
B832,山东,2025,综合,511,160884,real:sdzk/投档线
B059,山东,2025,综合,511,161129,real:sdzk/投档线
A098,山东,2025,综合,511,161191,real:sdzk/投档线
A377,山东,2025,综合,511,161222,real:sdzk/投档线
B647,山东,2025,综合,511,161739,real:sdzk/投档线
B406,山东,2025,综合,511,161796,real:sdzk/投档线
A012,山东,2025,综合,511,162184,real:sdzk/投档线
A507,山东,2025,综合,511,162324,real:sdzk/投档线
A406,山东,2025,综合,510,162500,real:sdzk/投档线
A343,山东,2025,综合,510,163285,real:sdzk/投档线
A220,山东,2025,综合,510,164657,real:sdzk/投档线
B055,山东,2025,综合,509,164881,real:sdzk/投档线
A125,山东,2025,综合,509,164963,real:sdzk/投档线
A404,山东,2025,综合,509,165240,real:sdzk/投档线
A320,山东,2025,综合,509,165241,real:sdzk/投档线
E098,山东,2025,综合,509,165810,real:sdzk/投档线
A656,山东,2025,综合,509,165887,real:sdzk/投档线
A340,山东,2025,综合,509,166207,real:sdzk/投档线
B072,山东,2025,综合,509,166736,real:sdzk/投档线
C214,山东,2025,综合,509,166748,real:sdzk/投档线
A147,山东,2025,综合,508,168574,real:sdzk/投档线
A695,山东,2025,综合,508,168953,real:sdzk/投档线
A219,山东,2025,综合,508,169197,real:sdzk/投档线
A653,山东,2025,综合,507,169520,real:sdzk/投档线
A341,山东,2025,综合,507,169734,real:sdzk/投档线
A176,山东,2025,综合,507,169857,real:sdzk/投档线
A622,山东,2025,综合,507,170699,real:sdzk/投档线
A071,山东,2025,综合,507,170731,real:sdzk/投档线
A152,山东,2025,综合,507,171073,real:sdzk/投档线
A424,山东,2025,综合,507,171158,real:sdzk/投档线
A270,山东,2025,综合,507,171222,real:sdzk/投档线
A100,山东,2025,综合,506,172227,real:sdzk/投档线
A595,山东,2025,综合,506,173181,real:sdzk/投档线
A354,山东,2025,综合,506,173518,real:sdzk/投档线
A364,山东,2025,综合,506,173763,real:sdzk/投档线
A169,山东,2025,综合,506,173874,real:sdzk/投档线
A719,山东,2025,综合,505,174534,real:sdzk/投档线
A330,山东,2025,综合,505,175508,real:sdzk/投档线
A114,山东,2025,综合,505,175655,real:sdzk/投档线
A700,山东,2025,综合,505,175707,real:sdzk/投档线
A009,山东,2025,综合,505,175742,real:sdzk/投档线
A408,山东,2025,综合,505,176045,real:sdzk/投档线
B065,山东,2025,综合,505,176051,real:sdzk/投档线
A037,山东,2025,综合,505,176148,real:sdzk/投档线
E100,山东,2025,综合,505,176537,real:sdzk/投档线
C034,山东,2025,综合,504,176598,real:sdzk/投档线
E560,山东,2025,综合,504,176919,real:sdzk/投档线
Y017,山东,2025,综合,504,176995,real:sdzk/投档线
A541,山东,2025,综合,504,177135,real:sdzk/投档线
A161,山东,2025,综合,504,177932,real:sdzk/投档线
D437,山东,2025,综合,504,178009,real:sdzk/投档线
A150,山东,2025,综合,504,178166,real:sdzk/投档线
B258,山东,2025,综合,503,178954,real:sdzk/投档线
D763,山东,2025,综合,503,180100,real:sdzk/投档线
A709,山东,2025,综合,503,180227,real:sdzk/投档线
A352,山东,2025,综合,503,180322,real:sdzk/投档线
A212,山东,2025,综合,503,180852,real:sdzk/投档线
B824,山东,2025,综合,503,181016,real:sdzk/投档线
A032,山东,2025,综合,503,181051,real:sdzk/投档线
A242,山东,2025,综合,503,181284,real:sdzk/投档线
E389,山东,2025,综合,502,181477,real:sdzk/投档线
B641,山东,2025,综合,502,182177,real:sdzk/投档线
E092,山东,2025,综合,502,182210,real:sdzk/投档线
C481,山东,2025,综合,501,184135,real:sdzk/投档线
A577,山东,2025,综合,501,184444,real:sdzk/投档线
A177,山东,2025,综合,501,184784,real:sdzk/投档线
A661,山东,2025,综合,501,184972,real:sdzk/投档线
C026,山东,2025,综合,501,185307,real:sdzk/投档线
A681,山东,2025,综合,501,185468,real:sdzk/投档线
A228,山东,2025,综合,501,186004,real:sdzk/投档线
A209,山东,2025,综合,500,186183,real:sdzk/投档线
A690,山东,2025,综合,500,186269,real:sdzk/投档线
E531,山东,2025,综合,500,186312,real:sdzk/投档线
A654,山东,2025,综合,500,186427,real:sdzk/投档线
A607,山东,2025,综合,500,186826,real:sdzk/投档线
B731,山东,2025,综合,500,187180,real:sdzk/投档线
A458,山东,2025,综合,500,187297,real:sdzk/投档线
A370,山东,2025,综合,500,187332,real:sdzk/投档线
A157,山东,2025,综合,500,187371,real:sdzk/投档线
A741,山东,2025,综合,500,187449,real:sdzk/投档线
A367,山东,2025,综合,500,187763,real:sdzk/投档线
A205,山东,2025,综合,500,188276,real:sdzk/投档线
A350,山东,2025,综合,499,188906,real:sdzk/投档线
A768,山东,2025,综合,499,189653,real:sdzk/投档线
A708,山东,2025,综合,499,190119,real:sdzk/投档线
A703,山东,2025,综合,499,190149,real:sdzk/投档线
A109,山东,2025,综合,499,190492,real:sdzk/投档线
A720,山东,2025,综合,499,190505,real:sdzk/投档线
E199,山东,2025,综合,499,190575,real:sdzk/投档线
A142,山东,2025,综合,499,190870,real:sdzk/投档线
D414,山东,2025,综合,498,191372,real:sdzk/投档线
A105,山东,2025,综合,498,191395,real:sdzk/投档线
Y000,山东,2025,综合,498,191748,real:sdzk/投档线
A094,山东,2025,综合,498,191872,real:sdzk/投档线
D658,山东,2025,综合,498,192145,real:sdzk/投档线
A636,山东,2025,综合,498,192415,real:sdzk/投档线
A731,山东,2025,综合,498,192471,real:sdzk/投档线
B420,山东,2025,综合,498,192692,real:sdzk/投档线
E432,山东,2025,综合,498,192800,real:sdzk/投档线
A407,山东,2025,综合,498,192857,real:sdzk/投档线
A347,山东,2025,综合,498,192924,real:sdzk/投档线
B062,山东,2025,综合,498,193140,real:sdzk/投档线
A333,山东,2025,综合,497,193544,real:sdzk/投档线
D990,山东,2025,综合,497,193782,real:sdzk/投档线
C105,山东,2025,综合,497,194258,real:sdzk/投档线
A472,山东,2025,综合,497,194712,real:sdzk/投档线
A092,山东,2025,综合,497,195155,real:sdzk/投档线
B847,山东,2025,综合,497,195166,real:sdzk/投档线
A139,山东,2025,综合,497,195273,real:sdzk/投档线
A441,山东,2025,综合,497,195327,real:sdzk/投档线
A573,山东,2025,综合,496,195824,real:sdzk/投档线
Y016,山东,2025,综合,496,195899,real:sdzk/投档线
A566,山东,2025,综合,496,195945,real:sdzk/投档线
D251,山东,2025,综合,496,196346,real:sdzk/投档线
D332,山东,2025,综合,496,197124,real:sdzk/投档线
B441,山东,2025,综合,496,197688,real:sdzk/投档线
A077,山东,2025,综合,496,197812,real:sdzk/投档线
A229,山东,2025,综合,495,199032,real:sdzk/投档线
A120,山东,2025,综合,495,199501,real:sdzk/投档线
D249,山东,2025,综合,495,199757,real:sdzk/投档线
A371,山东,2025,综合,495,199861,real:sdzk/投档线
D292,山东,2025,综合,495,199950,real:sdzk/投档线
A148,山东,2025,综合,495,200034,real:sdzk/投档线
A537,山东,2025,综合,495,200051,real:sdzk/投档线
A412,山东,2025,综合,495,200178,real:sdzk/投档线
A361,山东,2025,综合,495,200188,real:sdzk/投档线
A463,山东,2025,综合,495,200452,real:sdzk/投档线
A460,山东,2025,综合,494,201291,real:sdzk/投档线
D253,山东,2025,综合,494,201345,real:sdzk/投档线
D687,山东,2025,综合,494,201725,real:sdzk/投档线
D250,山东,2025,综合,494,201780,real:sdzk/投档线
A522,山东,2025,综合,494,202024,real:sdzk/投档线
A132,山东,2025,综合,494,202162,real:sdzk/投档线
A512,山东,2025,综合,494,202326,real:sdzk/投档线
A555,山东,2025,综合,494,202617,real:sdzk/投档线
A514,山东,2025,综合,494,202823,real:sdzk/投档线
A413,山东,2025,综合,494,202834,real:sdzk/投档线
D632,山东,2025,综合,494,202914,real:sdzk/投档线
A438,山东,2025,综合,493,203488,real:sdzk/投档线
B551,山东,2025,综合,493,203944,real:sdzk/投档线
D611,山东,2025,综合,493,203979,real:sdzk/投档线
A262,山东,2025,综合,493,204235,real:sdzk/投档线
Y005,山东,2025,综合,493,204668,real:sdzk/投档线
A823,山东,2025,综合,493,204852,real:sdzk/投档线
A360,山东,2025,综合,493,205003,real:sdzk/投档线
B532,山东,2025,综合,493,205171,real:sdzk/投档线
A792,山东,2025,综合,493,205302,real:sdzk/投档线
C747,山东,2025,综合,493,205483,real:sdzk/投档线
A833,山东,2025,综合,492,205632,real:sdzk/投档线
A727,山东,2025,综合,492,205798,real:sdzk/投档线
D660,山东,2025,综合,492,206025,real:sdzk/投档线
A363,山东,2025,综合,492,207335,real:sdzk/投档线
B688,山东,2025,综合,492,207686,real:sdzk/投档线
E139,山东,2025,综合,492,207760,real:sdzk/投档线
D653,山东,2025,综合,491,208100,real:sdzk/投档线
E099,山东,2025,综合,491,208221,real:sdzk/投档线
D811,山东,2025,综合,491,208695,real:sdzk/投档线
B629,山东,2025,综合,491,208842,real:sdzk/投档线
E830,山东,2025,综合,491,209604,real:sdzk/投档线
A190,山东,2025,综合,491,209677,real:sdzk/投档线
B230,山东,2025,综合,491,209971,real:sdzk/投档线
A434,山东,2025,综合,491,210089,real:sdzk/投档线
B538,山东,2025,综合,491,210143,real:sdzk/投档线
A678,山东,2025,综合,491,210156,real:sdzk/投档线
A216,山东,2025,综合,491,210497,real:sdzk/投档线
D588,山东,2025,综合,490,210708,real:sdzk/投档线
A752,山东,2025,综合,490,210731,real:sdzk/投档线
A160,山东,2025,综合,490,210914,real:sdzk/投档线
D649,山东,2025,综合,490,210920,real:sdzk/投档线
A513,山东,2025,综合,490,211021,real:sdzk/投档线
Y021,山东,2025,综合,490,211244,real:sdzk/投档线
E207,山东,2025,综合,490,211384,real:sdzk/投档线
D686,山东,2025,综合,490,211711,real:sdzk/投档线
A188,山东,2025,综合,490,212019,real:sdzk/投档线
A149,山东,2025,综合,490,212123,real:sdzk/投档线
A093,山东,2025,综合,490,212158,real:sdzk/投档线
A809,山东,2025,综合,490,212179,real:sdzk/投档线
B048,山东,2025,综合,490,212701,real:sdzk/投档线
C058,山东,2025,综合,489,213094,real:sdzk/投档线
B784,山东,2025,综合,489,213824,real:sdzk/投档线
E201,山东,2025,综合,489,214059,real:sdzk/投档线
D810,山东,2025,综合,489,214189,real:sdzk/投档线
B805,山东,2025,综合,489,214735,real:sdzk/投档线
C048,山东,2025,综合,489,214822,real:sdzk/投档线
A517,山东,2025,综合,489,215354,real:sdzk/投档线
A663,山东,2025,综合,489,215358,real:sdzk/投档线
A679,山东,2025,综合,488,215553,real:sdzk/投档线
A410,山东,2025,综合,488,215579,real:sdzk/投档线
A623,山东,2025,综合,488,216194,real:sdzk/投档线
D188,山东,2025,综合,488,216536,real:sdzk/投档线
B033,山东,2025,综合,488,216836,real:sdzk/投档线
A118,山东,2025,综合,488,217346,real:sdzk/投档线
A640,山东,2025,综合,488,217547,real:sdzk/投档线
B658,山东,2025,综合,487,218054,real:sdzk/投档线
A135,山东,2025,综合,487,218071,real:sdzk/投档线
D637,山东,2025,综合,487,219697,real:sdzk/投档线
E436,山东,2025,综合,487,219988,real:sdzk/投档线
E275,山东,2025,综合,487,220238,real:sdzk/投档线
E434,山东,2025,综合,486,220674,real:sdzk/投档线
A245,山东,2025,综合,486,221259,real:sdzk/投档线
A638,山东,2025,综合,486,221920,real:sdzk/投档线
B535,山东,2025,综合,486,222059,real:sdzk/投档线
E277,山东,2025,综合,486,222074,real:sdzk/投档线
B775,山东,2025,综合,486,222084,real:sdzk/投档线
Y015,山东,2025,综合,486,222479,real:sdzk/投档线
A576,山东,2025,综合,486,222613,real:sdzk/投档线
A433,山东,2025,综合,486,222707,real:sdzk/投档线
A439,山东,2025,综合,486,222968,real:sdzk/投档线
A457,山东,2025,综合,485,223273,real:sdzk/投档线
A599,山东,2025,综合,485,223314,real:sdzk/投档线
B785,山东,2025,综合,485,223355,real:sdzk/投档线
E046,山东,2025,综合,485,223497,real:sdzk/投档线
A226,山东,2025,综合,485,223525,real:sdzk/投档线
A349,山东,2025,综合,485,223868,real:sdzk/投档线
A166,山东,2025,综合,485,224231,real:sdzk/投档线
A680,山东,2025,综合,485,224279,real:sdzk/投档线
B057,山东,2025,综合,485,224396,real:sdzk/投档线
B833,山东,2025,综合,485,224615,real:sdzk/投档线
D661,山东,2025,综合,485,224707,real:sdzk/投档线
A531,山东,2025,综合,485,224803,real:sdzk/投档线
A208,山东,2025,综合,485,224910,real:sdzk/投档线
D673,山东,2025,综合,484,225585,real:sdzk/投档线
A388,山东,2025,综合,484,225609,real:sdzk/投档线
B035,山东,2025,综合,484,226228,real:sdzk/投档线
A534,山东,2025,综合,484,226790,real:sdzk/投档线
A199,山东,2025,综合,484,226814,real:sdzk/投档线
A061,山东,2025,综合,484,226821,real:sdzk/投档线
A735,山东,2025,综合,484,226967,real:sdzk/投档线
A096,山东,2025,综合,484,226999,real:sdzk/投档线
M285,山东,2025,综合,484,227208,real:sdzk/投档线
A418,山东,2025,综合,484,227300,real:sdzk/投档线
A158,山东,2025,综合,484,227543,real:sdzk/投档线
B058,山东,2025,综合,484,227585,real:sdzk/投档线
A596,山东,2025,综合,483,227977,real:sdzk/投档线
B080,山东,2025,综合,483,228182,real:sdzk/投档线
D436,山东,2025,综合,483,229452,real:sdzk/投档线
A414,山东,2025,综合,483,230112,real:sdzk/投档线
A571,山东,2025,综合,483,230254,real:sdzk/投档线
A603,山东,2025,综合,482,230864,real:sdzk/投档线
A519,山东,2025,综合,482,230893,real:sdzk/投档线
C799,山东,2025,综合,482,231012,real:sdzk/投档线
A760,山东,2025,综合,482,231284,real:sdzk/投档线
A722,山东,2025,综合,482,231710,real:sdzk/投档线
A643,山东,2025,综合,482,231718,real:sdzk/投档线
A231,山东,2025,综合,482,231753,real:sdzk/投档线
A232,山东,2025,综合,482,231790,real:sdzk/投档线
Y004,山东,2025,综合,482,231849,real:sdzk/投档线
D654,山东,2025,综合,482,231962,real:sdzk/投档线
A240,山东,2025,综合,482,232152,real:sdzk/投档线
A677,山东,2025,综合,482,232465,real:sdzk/投档线
B053,山东,2025,综合,482,232530,real:sdzk/投档线
B488,山东,2025,综合,482,232728,real:sdzk/投档线
C539,山东,2025,综合,481,233290,real:sdzk/投档线
D612,山东,2025,综合,481,233301,real:sdzk/投档线
A476,山东,2025,综合,481,233307,real:sdzk/投档线
A742,山东,2025,综合,481,233572,real:sdzk/投档线
A822,山东,2025,综合,481,234015,real:sdzk/投档线
A203,山东,2025,综合,481,234409,real:sdzk/投档线
A691,山东,2025,综合,481,234432,real:sdzk/投档线
A496,山东,2025,综合,481,234762,real:sdzk/投档线
A602,山东,2025,综合,480,235699,real:sdzk/投档线
A538,山东,2025,综合,480,235721,real:sdzk/投档线
B077,山东,2025,综合,480,235866,real:sdzk/投档线
C911,山东,2025,综合,480,235944,real:sdzk/投档线
A324,山东,2025,综合,480,235948,real:sdzk/投档线
A186,山东,2025,综合,480,236540,real:sdzk/投档线
B736,山东,2025,综合,480,236800,real:sdzk/投档线
A518,山东,2025,综合,480,236920,real:sdzk/投档线
A546,山东,2025,综合,480,236951,real:sdzk/投档线
A500,山东,2025,综合,480,237079,real:sdzk/投档线
A086,山东,2025,综合,480,237287,real:sdzk/投档线
H127,山东,2025,综合,480,237525,real:sdzk/投档线
A427,山东,2025,综合,480,237661,real:sdzk/投档线
C763,山东,2025,综合,480,237864,real:sdzk/投档线
D994,山东,2025,综合,479,238180,real:sdzk/投档线
D524,山东,2025,综合,479,238845,real:sdzk/投档线
A127,山东,2025,综合,479,239375,real:sdzk/投档线
A876,山东,2025,综合,479,239450,real:sdzk/投档线
A670,山东,2025,综合,479,239465,real:sdzk/投档线
D684,山东,2025,综合,479,239724,real:sdzk/投档线
C734,山东,2025,综合,479,239797,real:sdzk/投档线
A117,山东,2025,综合,479,239902,real:sdzk/投档线
E458,山东,2025,综合,479,240216,real:sdzk/投档线
A078,山东,2025,综合,479,240309,real:sdzk/投档线
B436,山东,2025,综合,479,240328,real:sdzk/投档线
A103,山东,2025,综合,479,240469,real:sdzk/投档线
A639,山东,2025,综合,479,240482,real:sdzk/投档线
B318,山东,2025,综合,479,240510,real:sdzk/投档线
A113,山东,2025,综合,479,240537,real:sdzk/投档线
A649,山东,2025,综合,478,241321,real:sdzk/投档线
A879,山东,2025,综合,478,241405,real:sdzk/投档线
A959,山东,2025,综合,478,241605,real:sdzk/投档线
A443,山东,2025,综合,478,242001,real:sdzk/投档线
E438,山东,2025,综合,478,242077,real:sdzk/投档线
B838,山东,2025,综合,478,242622,real:sdzk/投档线
B652,山东,2025,综合,478,242660,real:sdzk/投档线
A399,山东,2025,综合,478,242775,real:sdzk/投档线
A234,山东,2025,综合,478,242816,real:sdzk/投档线
B342,山东,2025,综合,478,242883,real:sdzk/投档线
A894,山东,2025,综合,478,242968,real:sdzk/投档线
D844,山东,2025,综合,478,243040,real:sdzk/投档线
A878,山东,2025,综合,477,243326,real:sdzk/投档线
D121,山东,2025,综合,477,243496,real:sdzk/投档线
A373,山东,2025,综合,477,243585,real:sdzk/投档线
D667,山东,2025,综合,477,243808,real:sdzk/投档线
C059,山东,2025,综合,477,244306,real:sdzk/投档线
A482,山东,2025,综合,477,244475,real:sdzk/投档线
B355,山东,2025,综合,477,244495,real:sdzk/投档线
A753,山东,2025,综合,477,244658,real:sdzk/投档线
A167,山东,2025,综合,477,244663,real:sdzk/投档线
D597,山东,2025,综合,477,244707,real:sdzk/投档线
A136,山东,2025,综合,477,244818,real:sdzk/投档线
B528,山东,2025,综合,477,245476,real:sdzk/投档线
D623,山东,2025,综合,476,246292,real:sdzk/投档线
A578,山东,2025,综合,476,246297,real:sdzk/投档线
B276,山东,2025,综合,476,246875,real:sdzk/投档线
D987,山东,2025,综合,476,246995,real:sdzk/投档线
B329,山东,2025,综合,476,247052,real:sdzk/投档线
A162,山东,2025,综合,476,247095,real:sdzk/投档线
A746,山东,2025,综合,476,247119,real:sdzk/投档线
A545,山东,2025,综合,476,247290,real:sdzk/投档线
B430,山东,2025,综合,476,247300,real:sdzk/投档线
D236,山东,2025,综合,476,247464,real:sdzk/投档线
A920,山东,2025,综合,476,247500,real:sdzk/投档线
A419,山东,2025,综合,476,247625,real:sdzk/投档线
B305,山东,2025,综合,476,247646,real:sdzk/投档线
D904,山东,2025,综合,476,247683,real:sdzk/投档线
A223,山东,2025,综合,476,247779,real:sdzk/投档线
A672,山东,2025,综合,475,248046,real:sdzk/投档线
A397,山东,2025,综合,475,248824,real:sdzk/投档线
A664,山东,2025,综合,475,249362,real:sdzk/投档线
A464,山东,2025,综合,475,249405,real:sdzk/投档线
A733,山东,2025,综合,475,249535,real:sdzk/投档线
A085,山东,2025,综合,475,249836,real:sdzk/投档线
A543,山东,2025,综合,475,249905,real:sdzk/投档线
B565,山东,2025,综合,475,250264,real:sdzk/投档线
A128,山东,2025,综合,474,250584,real:sdzk/投档线
B802,山东,2025,综合,474,250653,real:sdzk/投档线
D290,山东,2025,综合,474,250724,real:sdzk/投档线
B806,山东,2025,综合,474,250784,real:sdzk/投档线
A976,山东,2025,综合,474,251056,real:sdzk/投档线
F203,山东,2025,综合,474,251573,real:sdzk/投档线
A389,山东,2025,综合,474,251886,real:sdzk/投档线
A323,山东,2025,综合,474,251913,real:sdzk/投档线
A548,山东,2025,综合,474,252055,real:sdzk/投档线
D257,山东,2025,综合,474,252076,real:sdzk/投档线
F205,山东,2025,综合,474,252273,real:sdzk/投档线
A144,山东,2025,综合,474,252502,real:sdzk/投档线
A084,山东,2025,综合,474,252504,real:sdzk/投档线
A480,山东,2025,综合,474,252574,real:sdzk/投档线
D505,山东,2025,综合,474,252613,real:sdzk/投档线
A549,山东,2025,综合,474,252614,real:sdzk/投档线
C835,山东,2025,综合,473,253223,real:sdzk/投档线
C973,山东,2025,综合,473,253468,real:sdzk/投档线
A689,山东,2025,综合,473,253633,real:sdzk/投档线
A392,山东,2025,综合,473,253863,real:sdzk/投档线
D662,山东,2025,综合,473,254267,real:sdzk/投档线
D678,山东,2025,综合,473,254438,real:sdzk/投档线
A723,山东,2025,综合,473,254615,real:sdzk/投档线
B104,山东,2025,综合,473,254643,real:sdzk/投档线
B070,山东,2025,综合,473,254675,real:sdzk/投档线
F208,山东,2025,综合,473,254954,real:sdzk/投档线
D402,山东,2025,综合,473,255069,real:sdzk/投档线
A020,山东,2025,综合,473,255242,real:sdzk/投档线
D432,山东,2025,综合,473,255326,real:sdzk/投档线
A739,山东,2025,综合,473,255516,real:sdzk/投档线
E440,山东,2025,综合,472,255756,real:sdzk/投档线
B049,山东,2025,综合,472,256198,real:sdzk/投档线
D989,山东,2025,综合,472,256697,real:sdzk/投档线
D706,山东,2025,综合,472,257113,real:sdzk/投档线
A379,山东,2025,综合,472,257182,real:sdzk/投档线
B393,山东,2025,综合,472,257185,real:sdzk/投档线
B068,山东,2025,综合,472,257338,real:sdzk/投档线
E101,山东,2025,综合,472,257459,real:sdzk/投档线
A398,山东,2025,综合,472,257584,real:sdzk/投档线
D655,山东,2025,综合,472,257733,real:sdzk/投档线
F202,山东,2025,综合,472,257752,real:sdzk/投档线
A766,山东,2025,综合,472,257825,real:sdzk/投档线
B498,山东,2025,综合,472,257874,real:sdzk/投档线
A381,山东,2025,综合,472,257884,real:sdzk/投档线
E410,山东,2025,综合,471,258257,real:sdzk/投档线
F209,山东,2025,综合,471,258286,real:sdzk/投档线
E437,山东,2025,综合,471,259545,real:sdzk/投档线
B726,山东,2025,综合,471,259845,real:sdzk/投档线
B067,山东,2025,综合,471,259917,real:sdzk/投档线
D303,山东,2025,综合,471,260042,real:sdzk/投档线
M189,山东,2025,综合,471,260080,real:sdzk/投档线
A606,山东,2025,综合,471,260292,real:sdzk/投档线
D009,山东,2025,综合,471,260375,real:sdzk/投档线
A674,山东,2025,综合,471,260421,real:sdzk/投档线
D926,山东,2025,综合,471,260532,real:sdzk/投档线
D991,山东,2025,综合,470,260759,real:sdzk/投档线
A222,山东,2025,综合,470,260799,real:sdzk/投档线
B607,山东,2025,综合,470,260985,real:sdzk/投档线
B306,山东,2025,综合,470,261032,real:sdzk/投档线
A721,山东,2025,综合,470,261676,real:sdzk/投档线
A687,山东,2025,综合,470,262313,real:sdzk/投档线
E435,山东,2025,综合,470,262316,real:sdzk/投档线
A440,山东,2025,综合,470,262389,real:sdzk/投档线
A119,山东,2025,综合,470,262438,real:sdzk/投档线
A375,山东,2025,综合,470,262441,real:sdzk/投档线
A798,山东,2025,综合,470,262532,real:sdzk/投档线
A380,山东,2025,综合,470,262551,real:sdzk/投档线
D386,山东,2025,综合,470,262565,real:sdzk/投档线
D434,山东,2025,综合,470,262613,real:sdzk/投档线
A123,山东,2025,综合,470,262749,real:sdzk/投档线
F201,山东,2025,综合,470,262765,real:sdzk/投档线
A594,山东,2025,综合,470,262791,real:sdzk/投档线
B963,山东,2025,综合,470,262835,real:sdzk/投档线
M721,山东,2025,综合,470,262851,real:sdzk/投档线
D659,山东,2025,综合,470,262970,real:sdzk/投档线
F204,山东,2025,综合,470,263048,real:sdzk/投档线
D906,山东,2025,综合,469,263394,real:sdzk/投档线
A551,山东,2025,综合,469,263427,real:sdzk/投档线
B807,山东,2025,综合,469,263428,real:sdzk/投档线
D560,山东,2025,综合,469,263738,real:sdzk/投档线
B336,山东,2025,综合,469,264390,real:sdzk/投档线
A895,山东,2025,综合,469,264590,real:sdzk/投档线
A416,山东,2025,综合,469,264744,real:sdzk/投档线
A667,山东,2025,综合,469,264897,real:sdzk/投档线
B071,山东,2025,综合,469,264919,real:sdzk/投档线
A102,山东,2025,综合,469,264945,real:sdzk/投档线
E390,山东,2025,综合,469,264962,real:sdzk/投档线
A977,山东,2025,综合,469,265123,real:sdzk/投档线
B360,山东,2025,综合,469,265254,real:sdzk/投档线
B354,山东,2025,综合,469,265316,real:sdzk/投档线
A104,山东,2025,综合,469,265336,real:sdzk/投档线
B825,山东,2025,综合,469,265457,real:sdzk/投档线
A082,山东,2025,综合,468,265765,real:sdzk/投档线
A383,山东,2025,综合,468,265853,real:sdzk/投档线
B261,山东,2025,综合,468,266080,real:sdzk/投档线
A467,山东,2025,综合,468,266290,real:sdzk/投档线
D296,山东,2025,综合,468,266446,real:sdzk/投档线
A081,山东,2025,综合,468,266463,real:sdzk/投档线
A122,山东,2025,综合,468,266736,real:sdzk/投档线
D744,山东,2025,综合,468,267062,real:sdzk/投档线
A841,山东,2025,综合,468,267089,real:sdzk/投档线
A192,山东,2025,综合,468,267115,real:sdzk/投档线
B527,山东,2025,综合,468,267205,real:sdzk/投档线
D628,山东,2025,综合,468,267267,real:sdzk/投档线
A236,山东,2025,综合,468,267277,real:sdzk/投档线
A426,山东,2025,综合,468,267410,real:sdzk/投档线
D534,山东,2025,综合,468,267427,real:sdzk/投档线
B517,山东,2025,综合,468,267616,real:sdzk/投档线
A121,山东,2025,综合,468,267710,real:sdzk/投档线
A553,山东,2025,综合,468,267734,real:sdzk/投档线
A478,山东,2025,综合,468,267739,real:sdzk/投档线
B397,山东,2025,综合,468,267779,real:sdzk/投档线
B656,山东,2025,综合,468,267780,real:sdzk/投档线
A605,山东,2025,综合,468,267880,real:sdzk/投档线
A665,山东,2025,综合,468,267932,real:sdzk/投档线
B562,山东,2025,综合,468,267936,real:sdzk/投档线
B843,山东,2025,综合,468,268079,real:sdzk/投档线
B390,山东,2025,综合,468,268094,real:sdzk/投档线
A684,山东,2025,综合,468,268129,real:sdzk/投档线
A233,山东,2025,综合,468,268151,real:sdzk/投档线
A738,山东,2025,综合,467,268362,real:sdzk/投档线
A235,山东,2025,综合,467,268476,real:sdzk/投档线
A193,山东,2025,综合,467,268497,real:sdzk/投档线
C331,山东,2025,综合,467,268577,real:sdzk/投档线
A995,山东,2025,综合,467,268621,real:sdzk/投档线
A609,山东,2025,综合,467,268883,real:sdzk/投档线
A485,山东,2025,综合,467,268965,real:sdzk/投档线
A099,山东,2025,综合,467,269148,real:sdzk/投档线
C714,山东,2025,综合,467,269213,real:sdzk/投档线
C656,山东,2025,综合,467,269676,real:sdzk/投档线
A669,山东,2025,综合,467,269688,real:sdzk/投档线
B709,山东,2025,综合,467,269702,real:sdzk/投档线
B463,山东,2025,综合,467,269756,real:sdzk/投档线
A206,山东,2025,综合,467,269796,real:sdzk/投档线
A449,山东,2025,综合,467,269841,real:sdzk/投档线
E223,山东,2025,综合,467,269918,real:sdzk/投档线
A138,山东,2025,综合,467,270232,real:sdzk/投档线
D275,山东,2025,综合,467,270349,real:sdzk/投档线
A740,山东,2025,综合,467,270422,real:sdzk/投档线
A483,山东,2025,综合,467,270452,real:sdzk/投档线
D627,山东,2025,综合,467,270484,real:sdzk/投档线
A582,山东,2025,综合,467,270501,real:sdzk/投档线
B427,山东,2025,综合,467,270565,real:sdzk/投档线
A465,山东,2025,综合,467,270578,real:sdzk/投档线
A481,山东,2025,综合,467,270899,real:sdzk/投档线
A528,山东,2025,综合,466,270945,real:sdzk/投档线
E233,山东,2025,综合,466,271121,real:sdzk/投档线
A479,山东,2025,综合,466,271239,real:sdzk/投档线
B311,山东,2025,综合,466,271240,real:sdzk/投档线
B326,山东,2025,综合,466,271343,real:sdzk/投档线
A154,山东,2025,综合,466,271433,real:sdzk/投档线
A919,山东,2025,综合,466,271596,real:sdzk/投档线
B561,山东,2025,综合,466,271611,real:sdzk/投档线
D503,山东,2025,综合,466,272177,real:sdzk/投档线
A146,山东,2025,综合,466,272288,real:sdzk/投档线
A579,山东,2025,综合,466,272303,real:sdzk/投档线
E527,山东,2025,综合,466,272337,real:sdzk/投档线
A124,山东,2025,综合,466,272359,real:sdzk/投档线
A646,山东,2025,综合,466,272361,real:sdzk/投档线
D284,山东,2025,综合,466,272445,real:sdzk/投档线
A618,山东,2025,综合,466,272541,real:sdzk/投档线
A547,山东,2025,综合,466,272583,real:sdzk/投档线
A644,山东,2025,综合,466,272685,real:sdzk/投档线
A469,山东,2025,综合,466,272700,real:sdzk/投档线
B312,山东,2025,综合,466,272753,real:sdzk/投档线
B396,山东,2025,综合,466,272771,real:sdzk/投档线
B556,山东,2025,综合,466,272861,real:sdzk/投档线
B508,山东,2025,综合,466,273069,real:sdzk/投档线
B653,山东,2025,综合,466,273092,real:sdzk/投档线
A129,山东,2025,综合,466,273121,real:sdzk/投档线
A757,山东,2025,综合,466,273175,real:sdzk/投档线
D507,山东,2025,综合,465,273524,real:sdzk/投档线
D471,山东,2025,综合,465,273913,real:sdzk/投档线
A647,山东,2025,综合,465,273918,real:sdzk/投档线
A812,山东,2025,综合,465,274041,real:sdzk/投档线
B319,山东,2025,综合,465,274299,real:sdzk/投档线
B546,山东,2025,综合,465,274770,real:sdzk/投档线
A637,山东,2025,综合,465,274796,real:sdzk/投档线
A762,山东,2025,综合,465,274877,real:sdzk/投档线
D234,山东,2025,综合,465,274935,real:sdzk/投档线
B765,山东,2025,综合,465,275147,real:sdzk/投档线
A628,山东,2025,综合,465,275190,real:sdzk/投档线
A580,山东,2025,综合,465,275311,real:sdzk/投档线
C746,山东,2025,综合,465,275364,real:sdzk/投档线
D672,山东,2025,综合,465,275538,real:sdzk/投档线
G127,山东,2025,综合,465,275553,real:sdzk/投档线
A686,山东,2025,综合,465,275720,real:sdzk/投档线
A997,山东,2025,综合,465,275736,real:sdzk/投档线
A076,山东,2025,综合,465,275752,real:sdzk/投档线
A101,山东,2025,综合,465,275800,real:sdzk/投档线
A918,山东,2025,综合,465,275944,real:sdzk/投档线
A685,山东,2025,综合,464,276048,real:sdzk/投档线
A204,山东,2025,综合,464,276177,real:sdzk/投档线
D668,山东,2025,综合,464,276716,real:sdzk/投档线
D691,山东,2025,综合,464,277233,real:sdzk/投档线
A489,山东,2025,综合,464,277363,real:sdzk/投档线
D589,山东,2025,综合,464,277407,real:sdzk/投档线
B100,山东,2025,综合,464,277433,real:sdzk/投档线
B391,山东,2025,综合,464,277602,real:sdzk/投档线
A764,山东,2025,综合,464,277642,real:sdzk/投档线
A763,山东,2025,综合,464,277765,real:sdzk/投档线
A191,山东,2025,综合,464,277818,real:sdzk/投档线
B834,山东,2025,综合,464,278056,real:sdzk/投档线
A737,山东,2025,综合,464,278150,real:sdzk/投档线
A453,山东,2025,综合,464,278410,real:sdzk/投档线
D283,山东,2025,综合,464,278460,real:sdzk/投档线
A819,山东,2025,综合,463,278604,real:sdzk/投档线
B445,山东,2025,综合,463,278852,real:sdzk/投档线
B552,山东,2025,综合,463,279167,real:sdzk/投档线
A994,山东,2025,综合,463,279990,real:sdzk/投档线
D433,山东,2025,综合,463,280239,real:sdzk/投档线
E881,山东,2025,综合,463,280381,real:sdzk/投档线
D897,山东,2025,综合,463,280407,real:sdzk/投档线
B407,山东,2025,综合,463,280426,real:sdzk/投档线
D665,山东,2025,综合,463,280536,real:sdzk/投档线
D634,山东,2025,综合,463,280717,real:sdzk/投档线
E623,山东,2025,综合,463,280828,real:sdzk/投档线
D440,山东,2025,综合,463,281008,real:sdzk/投档线
D535,山东,2025,综合,462,281427,real:sdzk/投档线
A693,山东,2025,综合,462,282398,real:sdzk/投档线
D666,山东,2025,综合,462,282570,real:sdzk/投档线
D677,山东,2025,综合,462,282621,real:sdzk/投档线
D561,山东,2025,综合,462,282734,real:sdzk/投档线
B548,山东,2025,综合,462,282795,real:sdzk/投档线
D558,山东,2025,综合,462,282884,real:sdzk/投档线
D593,山东,2025,综合,462,283132,real:sdzk/投档线
C362,山东,2025,综合,462,283209,real:sdzk/投档线
A964,山东,2025,综合,462,283300,real:sdzk/投档线
D643,山东,2025,综合,462,283374,real:sdzk/投档线
D898,山东,2025,综合,462,283604,real:sdzk/投档线
D590,山东,2025,综合,462,283649,real:sdzk/投档线
A765,山东,2025,综合,462,283651,real:sdzk/投档线
E625,山东,2025,综合,461,283732,real:sdzk/投档线
D571,山东,2025,综合,461,284087,real:sdzk/投档线
A417,山东,2025,综合,461,284942,real:sdzk/投档线
D429,山东,2025,综合,461,284947,real:sdzk/投档线
D670,山东,2025,综合,461,284953,real:sdzk/投档线
F206,山东,2025,综合,461,285016,real:sdzk/投档线
E388,山东,2025,综合,461,285121,real:sdzk/投档线
B439,山东,2025,综合,461,285307,real:sdzk/投档线
D579,山东,2025,综合,461,285519,real:sdzk/投档线
D578,山东,2025,综合,461,285999,real:sdzk/投档线
E897,山东,2025,综合,460,286198,real:sdzk/投档线
A477,山东,2025,综合,460,286273,real:sdzk/投档线
D842,山东,2025,综合,460,286412,real:sdzk/投档线
C948,山东,2025,综合,460,286450,real:sdzk/投档线
D899,山东,2025,综合,460,287527,real:sdzk/投档线
E333,山东,2025,综合,460,287789,real:sdzk/投档线
D999,山东,2025,综合,460,287945,real:sdzk/投档线
D681,山东,2025,综合,460,288201,real:sdzk/投档线
A825,山东,2025,综合,460,288248,real:sdzk/投档线
A466,山东,2025,综合,459,289019,real:sdzk/投档线
D992,山东,2025,综合,459,290038,real:sdzk/投档线
C649,山东,2025,综合,459,290204,real:sdzk/投档线
C715,山东,2025,综合,459,290659,real:sdzk/投档线
C650,山东,2025,综合,459,291061,real:sdzk/投档线
A758,山东,2025,综合,458,291474,real:sdzk/投档线
D501,山东,2025,综合,458,292018,real:sdzk/投档线
C689,山东,2025,综合,458,292639,real:sdzk/投档线
C784,山东,2025,综合,458,292779,real:sdzk/投档线
A202,山东,2025,综合,458,292890,real:sdzk/投档线
D893,山东,2025,综合,458,292942,real:sdzk/投档线
B395,山东,2025,综合,458,292986,real:sdzk/投档线
A676,山东,2025,综合,458,293506,real:sdzk/投档线
D594,山东,2025,综合,458,293608,real:sdzk/投档线
D669,山东,2025,综合,457,293728,real:sdzk/投档线
D235,山东,2025,综合,457,294129,real:sdzk/投档线
D115,山东,2025,综合,457,294334,real:sdzk/投档线
A598,山东,2025,综合,457,294448,real:sdzk/投档线
D256,山东,2025,综合,457,295298,real:sdzk/投档线
A201,山东,2025,综合,457,295334,real:sdzk/投档线
A429,山东,2025,综合,457,295657,real:sdzk/投档线
D242,山东,2025,综合,457,295839,real:sdzk/投档线
A455,山东,2025,综合,456,296372,real:sdzk/投档线
E654,山东,2025,综合,456,296472,real:sdzk/投档线
B798,山东,2025,综合,456,296690,real:sdzk/投档线
C766,山东,2025,综合,456,296825,real:sdzk/投档线
D439,山东,2025,综合,456,297353,real:sdzk/投档线
B330,山东,2025,综合,456,297374,real:sdzk/投档线
D905,山东,2025,综合,456,297414,real:sdzk/投档线
D198,山东,2025,综合,456,297838,real:sdzk/投档线
A431,山东,2025,综合,456,297864,real:sdzk/投档线
D631,山东,2025,综合,456,298074,real:sdzk/投档线
D123,山东,2025,综合,456,298154,real:sdzk/投档线
E045,山东,2025,综合,456,298355,real:sdzk/投档线
E276,山东,2025,综合,456,298500,real:sdzk/投档线
D614,山东,2025,综合,455,298828,real:sdzk/投档线
A372,山东,2025,综合,455,298886,real:sdzk/投档线
D500,山东,2025,综合,455,299157,real:sdzk/投档线
E225,山东,2025,综合,455,299368,real:sdzk/投档线
A430,山东,2025,综合,455,299846,real:sdzk/投档线
D420,山东,2025,综合,455,300036,real:sdzk/投档线
B635,山东,2025,综合,455,300129,real:sdzk/投档线
A214,山东,2025,综合,455,300135,real:sdzk/投档线
A153,山东,2025,综合,455,300357,real:sdzk/投档线
D636,山东,2025,综合,454,301727,real:sdzk/投档线
D220,山东,2025,综合,454,302563,real:sdzk/投档线
D238,山东,2025,综合,454,302610,real:sdzk/投档线
D215,山东,2025,综合,454,302707,real:sdzk/投档线
D738,山东,2025,综合,454,302901,real:sdzk/投档线
D993,山东,2025,综合,454,302950,real:sdzk/投档线
D538,山东,2025,综合,454,303209,real:sdzk/投档线
D619,山东,2025,综合,454,303387,real:sdzk/投档线
D986,山东,2025,综合,453,303576,real:sdzk/投档线
D645,山东,2025,综合,453,303692,real:sdzk/投档线
D664,山东,2025,综合,453,303727,real:sdzk/投档线
D383,山东,2025,综合,453,304295,real:sdzk/投档线
D903,山东,2025,综合,453,304899,real:sdzk/投档线
D980,山东,2025,综合,453,305015,real:sdzk/投档线
D816,山东,2025,综合,453,305650,real:sdzk/投档线
D843,山东,2025,综合,453,305714,real:sdzk/投档线
D299,山东,2025,综合,453,305719,real:sdzk/投档线
D620,山东,2025,综合,452,306001,real:sdzk/投档线
N012,山东,2025,综合,452,306581,real:sdzk/投档线
D988,山东,2025,综合,452,307899,real:sdzk/投档线
C915,山东,2025,综合,451,308552,real:sdzk/投档线
B810,山东,2025,综合,451,309095,real:sdzk/投档线
A642,山东,2025,综合,451,309648,real:sdzk/投档线
A619,山东,2025,综合,451,309753,real:sdzk/投档线
D497,山东,2025,综合,451,309916,real:sdzk/投档线
A435,山东,2025,综合,451,310118,real:sdzk/投档线
C636,山东,2025,综合,451,310398,real:sdzk/投档线
C617,山东,2025,综合,451,310443,real:sdzk/投档线
E200,山东,2025,综合,451,310607,real:sdzk/投档线
B510,山东,2025,综合,451,310729,real:sdzk/投档线
D682,山东,2025,综合,450,310984,real:sdzk/投档线
E037,山东,2025,综合,450,311120,real:sdzk/投档线
E226,山东,2025,综合,450,311290,real:sdzk/投档线
A904,山东,2025,综合,450,311605,real:sdzk/投档线
A748,山东,2025,综合,450,312180,real:sdzk/投档线
D239,山东,2025,综合,450,312200,real:sdzk/投档线
A448,山东,2025,综合,450,312621,real:sdzk/投档线
D408,山东,2025,综合,450,312965,real:sdzk/投档线
E439,山东,2025,综合,450,313080,real:sdzk/投档线
A660,山东,2025,综合,449,313300,real:sdzk/投档线
D469,山东,2025,综合,449,314320,real:sdzk/投档线
D431,山东,2025,综合,449,314782,real:sdzk/投档线
A601,山东,2025,综合,449,315051,real:sdzk/投档线
C810,山东,2025,综合,449,315055,real:sdzk/投档线
A608,山东,2025,综合,449,315069,real:sdzk/投档线
D245,山东,2025,综合,449,315416,real:sdzk/投档线
D569,山东,2025,综合,449,315636,real:sdzk/投档线
B437,山东,2025,综合,448,315649,real:sdzk/投档线
A454,山东,2025,综合,448,315870,real:sdzk/投档线
E030,山东,2025,综合,448,315900,real:sdzk/投档线
A451,山东,2025,综合,448,316330,real:sdzk/投档线
C309,山东,2025,综合,448,316893,real:sdzk/投档线
D679,山东,2025,综合,448,317133,real:sdzk/投档线
E042,山东,2025,综合,448,317450,real:sdzk/投档线
D894,山东,2025,综合,448,317592,real:sdzk/投档线
D606,山东,2025,综合,448,317773,real:sdzk/投档线
A402,山东,2025,综合,448,317801,real:sdzk/投档线
C619,山东,2025,综合,448,317884,real:sdzk/投档线
B840,山东,2025,综合,448,317915,real:sdzk/投档线
E001,山东,2025,综合,447,318223,real:sdzk/投档线
A671,山东,2025,综合,447,318888,real:sdzk/投档线
D924,山东,2025,综合,447,319453,real:sdzk/投档线
D650,山东,2025,综合,447,319672,real:sdzk/投档线
C544,山东,2025,综合,447,319747,real:sdzk/投档线
A452,山东,2025,综合,447,319862,real:sdzk/投档线
C310,山东,2025,综合,447,320262,real:sdzk/投档线
D613,山东,2025,综合,447,320335,real:sdzk/投档线
D075,山东,2025,综合,447,320361,real:sdzk/投档线
D601,山东,2025,综合,446,320531,real:sdzk/投档线
A405,山东,2025,综合,446,320772,real:sdzk/投档线
D438,山东,2025,综合,446,320847,real:sdzk/投档线
D604,山东,2025,综合,446,321168,real:sdzk/投档线
D326,山东,2025,综合,446,321336,real:sdzk/投档线
A600,山东,2025,综合,446,321530,real:sdzk/投档线
B242,山东,2025,综合,446,321690,real:sdzk/投档线
D603,山东,2025,综合,446,321884,real:sdzk/投档线
D441,山东,2025,综合,446,321924,real:sdzk/投档线
D891,山东,2025,综合,446,321972,real:sdzk/投档线
D201,山东,2025,综合,446,322189,real:sdzk/投档线
E899,山东,2025,综合,446,322278,real:sdzk/投档线
D125,山东,2025,综合,446,322416,real:sdzk/投档线
E043,山东,2025,综合,446,322541,real:sdzk/投档线
D762,山东,2025,综合,446,322626,real:sdzk/投档线
D902,山东,2025,综合,445,323440,real:sdzk/投档线
B837,山东,2025,综合,445,323444,real:sdzk/投档线
B313,山东,2025,综合,445,323629,real:sdzk/投档线
C574,山东,2025,综合,445,324170,real:sdzk/投档线
B800,山东,2025,综合,445,324204,real:sdzk/投档线
D602,山东,2025,综合,445,324247,real:sdzk/投档线
C618,山东,2025,综合,445,324512,real:sdzk/投档线
B122,山东,2025,综合,445,325022,real:sdzk/投档线
D262,山东,2025,综合,444,326056,real:sdzk/投档线
A447,山东,2025,综合,444,326626,real:sdzk/投档线
C303,山东,2025,综合,444,326678,real:sdzk/投档线
D615,山东,2025,综合,444,326754,real:sdzk/投档线
C713,山东,2025,综合,444,326760,real:sdzk/投档线
C560,山东,2025,综合,444,326763,real:sdzk/投档线
D300,山东,2025,综合,444,326853,real:sdzk/投档线
E172,山东,2025,综合,444,326964,real:sdzk/投档线
D985,山东,2025,综合,444,327018,real:sdzk/投档线
D240,山东,2025,综合,444,327117,real:sdzk/投档线
B400,山东,2025,综合,444,327290,real:sdzk/投档线
D325,山东,2025,综合,444,327330,real:sdzk/投档线
D920,山东,2025,综合,444,327336,real:sdzk/投档线
C795,山东,2025,综合,443,327995,real:sdzk/投档线
D421,山东,2025,综合,443,328129,real:sdzk/投档线
C709,山东,2025,综合,443,328935,real:sdzk/投档线
D720,山东,2025,综合,443,329048,real:sdzk/投档线
B418,山东,2025,综合,443,329111,real:sdzk/投档线
D241,山东,2025,综合,443,329654,real:sdzk/投档线
A736,山东,2025,综合,443,329695,real:sdzk/投档线
D644,山东,2025,综合,443,329727,real:sdzk/投档线
A846,山东,2025,综合,443,329810,real:sdzk/投档线
C216,山东,2025,综合,443,329907,real:sdzk/投档线
D641,山东,2025,综合,443,329911,real:sdzk/投档线
D892,山东,2025,综合,443,329936,real:sdzk/投档线
E202,山东,2025,综合,443,330045,real:sdzk/投档线
D328,山东,2025,综合,442,330207,real:sdzk/投档线
E829,山东,2025,综合,442,330406,real:sdzk/投档线
C802,山东,2025,综合,442,330979,real:sdzk/投档线
E203,山东,2025,综合,442,331054,real:sdzk/投档线
C712,山东,2025,综合,442,331168,real:sdzk/投档线
D997,山东,2025,综合,442,331262,real:sdzk/投档线
A859,山东,2025,综合,442,331272,real:sdzk/投档线
E087,山东,2025,综合,442,331451,real:sdzk/投档线
B549,山东,2025,综合,442,331554,real:sdzk/投档线
B066,山东,2025,综合,442,331577,real:sdzk/投档线
C587,山东,2025,综合,442,331623,real:sdzk/投档线
C779,山东,2025,综合,442,331693,real:sdzk/投档线
C938,山东,2025,综合,442,331725,real:sdzk/投档线
D391,山东,2025,综合,442,331752,real:sdzk/投档线
C658,山东,2025,综合,442,331757,real:sdzk/投档线
D515,山东,2025,综合,442,331793,real:sdzk/投档线
E327,山东,2025,综合,442,331813,real:sdzk/投档线
D304,山东,2025,综合,442,331875,real:sdzk/投档线
D820,山东,2025,综合,442,331896,real:sdzk/投档线
D514,山东,2025,综合,442,331931,real:sdzk/投档线
D605,山东,2025,综合,442,331959,real:sdzk/投档线
D418,山东,2025,综合,442,332017,real:sdzk/投档线
D599,山东,2025,综合,442,332033,real:sdzk/投档线
D626,山东,2025,综合,442,332049,real:sdzk/投档线
E040,山东,2025,综合,442,332142,real:sdzk/投档线
D714,山东,2025,综合,442,332210,real:sdzk/投档线
C332,山东,2025,综合,442,332213,real:sdzk/投档线
C928,山东,2025,综合,442,332224,real:sdzk/投档线
D830,山东,2025,综合,442,332228,real:sdzk/投档线
B446,山东,2025,综合,442,332232,real:sdzk/投档线
E002,山东,2025,综合,442,332248,real:sdzk/投档线
D322,山东,2025,综合,442,332287,real:sdzk/投档线
C729,山东,2025,综合,442,332288,real:sdzk/投档线
C843,山东,2025,综合,442,332332,real:sdzk/投档线
D727,山东,2025,综合,441,332397,real:sdzk/投档线
A446,山东,2025,综合,441,332492,real:sdzk/投档线
D656,山东,2025,综合,441,332502,real:sdzk/投档线
D874,山东,2025,综合,441,332533,real:sdzk/投档线
D721,山东,2025,综合,441,332553,real:sdzk/投档线
D387,山东,2025,综合,441,332577,real:sdzk/投档线
D468,山东,2025,综合,441,332588,real:sdzk/投档线
D607,山东,2025,综合,441,332590,real:sdzk/投档线
C056,山东,2025,综合,441,332603,real:sdzk/投档线
D957,山东,2025,综合,441,332636,real:sdzk/投档线
E262,山东,2025,综合,441,332686,real:sdzk/投档线
C308,山东,2025,综合,441,332691,real:sdzk/投档线
D356,山东,2025,综合,441,332797,real:sdzk/投档线
D511,山东,2025,综合,441,332798,real:sdzk/投档线
D600,山东,2025,综合,441,332827,real:sdzk/投档线
D624,山东,2025,综合,441,332839,real:sdzk/投档线
D773,山东,2025,综合,441,332916,real:sdzk/投档线
D324,山东,2025,综合,441,332917,real:sdzk/投档线
D766,山东,2025,综合,441,332937,real:sdzk/投档线
D320,山东,2025,综合,441,332985,real:sdzk/投档线
D006,山东,2025,综合,441,332988,real:sdzk/投档线
E038,山东,2025,综合,441,332997,real:sdzk/投档线
D998,山东,2025,综合,441,333002,real:sdzk/投档线
E000,山东,2025,综合,441,333076,real:sdzk/投档线
D995,山东,2025,综合,441,333137,real:sdzk/投档线
A908,山东,2025,综合,441,333181,real:sdzk/投档线
D015,山东,2025,综合,441,333219,real:sdzk/投档线
A868,山东,2025,综合,441,333243,real:sdzk/投档线
D857,山东,2025,综合,441,333264,real:sdzk/投档线
D359,山东,2025,综合,441,333265,real:sdzk/投档线
D378,山东,2025,综合,441,333415,real:sdzk/投档线
