id,name,city,province,cityTier,region,tags,facultySummary,keyDisciplines,facultyRating,envCampus,envTeaching,envDormitory,transferDifficulty,transferPolicy
tsinghua,清华大学,北京,北京,1,华北,985|211|双一流,理工科学科评估几乎全 A+,计算机科学与技术|电子信息,A+,校园开阔紧邻中关村,教学资源顶尖,本科四人间条件好,hard,需高绩点+考核竞争激烈
sjtu,上海交通大学,上海,上海,1,华东,985|211|双一流,工科与医学双强,电子信息|临床医学,A+,闵行校区面积大,工科实践强,四人间为主,moderate,设转专业通道需绩点
bupt,北京邮电大学,北京,北京,1,华北,211|双一流,信息通信领域就业极强,信息与通信工程|计算机科学与技术,A+,本部校区不大,ICT校招资源顶级,本部偏紧张,hard,热门专业门槛高
szu,深圳大学,深圳,广东,1,华南,双一流培育|省重点,地处深圳财力雄厚上升势头猛,计算机科学与技术|建筑学,B+,校园现代设施豪华,与产业结合紧密,宿舍条件全国领先,easy,转专业政策开放
hit,哈尔滨工业大学,哈尔滨,黑龙江,2,东北,985|211|双一流,航天与工科王牌性价比高,航空宇航科学与技术|材料科学与工程,A+,校风严谨冬季寒冷,工科训练硬核,宿舍中等有暖气,moderate,大类培养转专业需绩点
xidian,西安电子科技大学,西安,陕西,2,西北,211|双一流,电子信息与通信强校,信息与通信工程|电子科学与技术,A+,南校区较新,电子类就业强,南校区四人间,moderate,电子大类内部流动较易
lzu,兰州大学,兰州,甘肃,3,西北,985|211|双一流,老牌985化学大气顶尖被低估,化学|大气科学,A,校风朴实气候干燥,基础学科扎实保研率高,宿舍一般老校区偏旧,easy,转专业相对宽松
ncu,南昌大学,南昌,江西,2,华中,211|双一流,江西龙头食品科学全国领先,食品科学与工程|材料科学与工程,B+,前湖校区大而新,省内就业资源集中,四人间条件中上,easy,转专业政策开放机会多
A003,清华大学,北京,北京,1,华北,985|211|双一流,,,,,,,moderate,
A001,北京大学,北京,北京,1,华北,985|211|双一流,,,,,,,moderate,
E430,中国科学院大学,,,,,,,,,,,,moderate,
A358,中国科学技术大学,合肥,安徽,1,华东,985|211|双一流,,,,,,,moderate,
H001,北京大学医学部,,,,,985|211|双一流,,,,,,,moderate,
A246,复旦大学,上海,上海,1,华东,985|211|双一流,,,,,,,moderate,
H248,上海交通大学医学院,,,,,985|211|双一流,,,,,,,moderate,
A002,中国人民大学,北京,北京,1,华北,985|211|双一流,,,,,,,moderate,
G213,哈尔滨工业大学(深圳),,,,,985|211|双一流,,,,,,,moderate,
H246,复旦大学医学院,,,,,985|211|双一流,,,,,,,moderate,
H335,浙江大学医学院,,,,,985|211|双一流,,,,,,,moderate,
A248,上海交通大学,上海,上海,1,华东,985|211|双一流,,,,,,,moderate,
A614,电子科技大学,成都,四川,1,西南,985|211|双一流,,,,,,,moderate,
A055,南开大学,天津,天津,1,华北,985|211|双一流,,,,,,,moderate,
A486,武汉大学,武汉,湖北,1,华中,985|211|双一流,,,,,,,moderate,
E325,南方科技大学,,,,,,,,,,,,moderate,
A335,浙江大学,杭州,浙江,1,华东,985|211|双一流,,,,,,,moderate,
A006,北京航空航天大学,北京,北京,1,华北,985|211|双一流,,,,,,,moderate,
A247,同济大学,上海,上海,1,华东,985|211|双一流,,,,,,,moderate,
A286,东南大学,南京,江苏,1,华东,985|211|双一流,,,,,,,moderate,
P002,国防科技大学,长沙,湖南,1,华中,985|211|双一流,,,,,,,moderate,
A284,南京大学,南京,江苏,1,华东,985|211|双一流,,,,,,,moderate,
A558,中山大学,广州,广东,1,华南,985|211|双一流,,,,,,,moderate,
A056,天津大学,天津,天津,1,华北,985|211|双一流,,,,,,,moderate,
H002,中国人民大学(苏州校区),,,,,985|211|双一流,,,,,,,moderate,
A384,厦门大学,厦门,福建,2,华东,985|211|双一流,,,,,,,moderate,
A269,华东师范大学,上海,上海,1,华东,985|211|双一流,,,,,,,moderate,
A007,北京理工大学,北京,北京,1,华北,985|211|双一流,,,,,,,moderate,
A561,华南理工大学,广州,广东,1,华南,985|211|双一流,,,,,,,moderate,
A027,北京师范大学,北京,北京,1,华北,985|211|双一流,,,,,,,moderate,
A272,上海财经大学,上海,上海,1,华东,211|双一流,,,,,,,moderate,
H027,北京师范大学(珠海校区),,,,,985|211|双一流,,,,,,,moderate,
A288,南京理工大学,南京,江苏,1,华东,211|双一流,,,,,,,moderate,
A422,山东大学,济南,山东,1,华东,985|211|双一流,,,,,,,moderate,
Y024,山东大学,济南,山东,1,华东,985|211|双一流,,,,,,,moderate,
H422,山东大学威海分校,,,,,985|211|双一流,,,,,,,moderate,
E596,中国社会科学院大学,,,,,,,,,,,,moderate,
A699,西北工业大学,西安,陕西,1,西北,985|211|双一流,,,,,,,moderate,
A053,中国政法大学,北京,北京,1,华北,211|双一流,,,,,,,moderate,
A271,上海外国语大学,上海,上海,1,华东,211|双一流,,,,,,,moderate,
A487,华中科技大学,武汉,湖北,1,华中,985|211|双一流,,,,,,,moderate,
A276,华东政法大学,,,,,,,,,,,,moderate,
A034,中央财经大学,北京,北京,1,华北,211|双一流,,,,,,,moderate,
A611,重庆大学,重庆,重庆,1,西南,985|211|双一流,,,,,,,moderate,
A008,北京科技大学,北京,北京,1,华北,211|双一流,,,,,,,moderate,
H213,哈尔滨工业大学(威海),,,,,985|211|双一流,,,,,,,moderate,
A213,哈尔滨工业大学,哈尔滨,黑龙江,2,东北,985|211|双一流,,,,,,,moderate,
A730,兰州大学,兰州,甘肃,3,西北,985|211|双一流,,,,,,,moderate,
A141,大连理工大学,大连,辽宁,1,东北,985|211|双一流,,,,,,,moderate,
A268,上海中医药大学,,,,,,,,,,,,moderate,
A013,北京邮电大学,北京,北京,1,华北,211|双一流,,,,,,,moderate,
A251,华东理工大学,上海,上海,1,华东,211|双一流,,,,,,,moderate,
A054,华北电力大学(北京),,,,,211|双一流,,,,,,,moderate,
A698,西安交通大学,西安,陕西,1,西北,985|211|双一流,,,,,,,moderate,
A030,北京外国语大学,北京,北京,1,华北,211|双一流,,,,,,,moderate,
A293,南京邮电大学,,,,,,,,,,,,moderate,
A255,东华大学,上海,上海,1,华东,211|双一流,,,,,,,moderate,
A511,华中师范大学,武汉,湖北,1,华中,211|双一流,,,,,,,moderate,
B414,中国石油大学(北京),,,,,211|双一流,,,,,,,moderate,
A425,中国石油大学(华东),,,,,211|双一流,,,,,,,moderate,
A287,南京航空航天大学,南京,江苏,1,华东,211|双一流,,,,,,,moderate,
A145,东北大学,沈阳,辽宁,1,东北,985|211|双一流,,,,,,,moderate,
A183,吉林大学,长春,吉林,2,东北,985|211|双一流,,,,,,,moderate,
A610,四川大学,成都,四川,1,西南,985|211|双一流,,,,,,,moderate,
A023,北京协和医学院,,,,,,,,,,,,moderate,
Y030,厦门大学,厦门,福建,2,华东,985|211|双一流,,,,,,,moderate,
A319,南京师范大学,南京,江苏,1,华东,211|双一流,,,,,,,moderate,
A004,北京交通大学,北京,北京,1,华北,211|双一流,,,,,,,moderate,
H614,电子科技大学(沙河校区),,,,,985|211|双一流,,,,,,,moderate,
A036,对外经济贸易大学,北京,北京,1,华北,211|双一流,,,,,,,moderate,
A062,天津医科大学,天津,天津,1,华北,211|双一流,,,,,,,moderate,
A079,华北电力大学(保定),,,,,211|双一流,,,,,,,moderate,
A285,苏州大学,苏州,江苏,1,华东,211|双一流,,,,,,,moderate,
A701,西安电子科技大学,西安,陕西,1,西北,211|双一流,,,,,,,moderate,
B415,中国地质大学(北京),,,,,211|双一流,,,,,,,moderate,
A028,首都师范大学,,,,,,,,,,,,moderate,
H145,东北大学秦皇岛分校,,,,,985|211|双一流,,,,,,,moderate,
A533,中南大学,长沙,湖南,1,华中,985|211|双一流,,,,,,,moderate,
A274,上海海关学院,,,,,,,,,,,,moderate,
A005,北京工业大学,北京,北京,1,华北,211|双一流,,,,,,,moderate,
A423,中国海洋大学,青岛,山东,1,华东,985|211|双一流,,,,,,,moderate,
A652,西南政法大学,,,,,,,,,,,,moderate,
A051,北京舞蹈学院,,,,,,,,,,,,moderate,
A359,合肥工业大学,合肥,安徽,1,华东,211|双一流,,,,,,,moderate,
A697,西北大学,西安,陕西,1,西北,211|双一流,,,,,,,moderate,
A574,华南师范大学,广州,广东,1,华南,211|双一流,,,,,,,moderate,
H359,合肥工业大学(宣城校区),,,,,211|双一流,,,,,,,moderate,
A559,暨南大学,广州,广东,1,华南,211|双一流,,,,,,,moderate,
A651,西南财经大学,成都,四川,1,西南,211|双一流,,,,,,,moderate,
A052,中央民族大学,北京,北京,1,华北,985|211|双一流,,,,,,,moderate,
Y001,山东大学,济南,山东,1,华东,985|211|双一流,,,,,,,moderate,
A307,南京农业大学,南京,江苏,1,华东,211|双一流,,,,,,,moderate,
A050,北京电影学院,,,,,,,,,,,,moderate,
A316,中国药科大学,南京,江苏,1,华东,211|双一流,,,,,,,moderate,
A280,上海大学,上海,上海,1,华东,211|双一流,,,,,,,moderate,
A059,中国民航大学,,,,,,,,,,,,moderate,
A336,杭州电子科技大学,,,,,,,,,,,,moderate,
A256,上海电力大学,,,,,,,,,,,,moderate,
A019,中国农业大学,北京,北京,1,华北,985|211|双一流,,,,,,,moderate,
P017,海军军医大学,上海,上海,1,华东,211|双一流,,,,,,,moderate,
B413,中国矿业大学(北京),,,,,211|双一流,,,,,,,moderate,
P027,空军军医大学,西安,陕西,1,西北,211|双一流,,,,,,,moderate,
A033,中国传媒大学,北京,北京,1,华北,211|双一流,,,,,,,moderate,
A010,北京化工大学,北京,北京,1,华北,211|双一流,,,,,,,moderate,
C121,南方医科大学,,,,,,,,,,,,moderate,
A025,首都医科大学,,,,,,,,,,,,moderate,
A497,武汉理工大学,武汉,湖北,1,华中,211|双一流,,,,,,,moderate,
H141,大连理工大学(盘锦校区),,,,,985|211|双一流,,,,,,,moderate,
A254,上海海事大学,,,,,,,,,,,,moderate,
A112,太原理工大学,太原,山西,2,华北,211|双一流,,,,,,,moderate,
A357,安徽大学,合肥,安徽,1,华东,211|双一流,,,,,,,moderate,
A295,江南大学,无锡,江苏,2,华东,211|双一流,,,,,,,moderate,
A294,河海大学,南京,江苏,1,华东,211|双一流,,,,,,,moderate,
A048,中央戏剧学院,,,,,,,,,,,,moderate,
A300,南京信息工程大学,,,,,,,,,,,,moderate,
H004,北京交通大学(威海校区),,,,,211|双一流,,,,,,,moderate,
A278,上海音乐学院,,,,,,,,,,,,moderate,
A273,上海对外经贸大学,,,,,,,,,,,,moderate,
A217,哈尔滨工程大学,哈尔滨,黑龙江,2,东北,211|双一流,,,,,,,moderate,
A459,郑州大学,郑州,河南,1,华中,211|双一流,,,,,,,moderate,
A590,深圳大学,,,,,,,,,,,,moderate,
A031,北京第二外国语学院,,,,,,,,,,,,moderate,
E655,深圳技术大学,,,,,,,,,,,,moderate,
A712,西北农林科技大学,杨凌,陕西,3,西北,985|211|双一流,,,,,,,moderate,
A080,河北工业大学,天津,天津,1,华北,211|双一流,,,,,,,moderate,
A542,湖南师范大学,长沙,湖南,1,华中,211|双一流,,,,,,,moderate,
A403,南昌大学,南昌,江西,2,华中,211|双一流,,,,,,,moderate,
A026,北京中医药大学,北京,北京,1,华北,211|双一流,,,,,,,moderate,
A520,中南财经政法大学,武汉,湖北,1,华中,211|双一流,,,,,,,moderate,
A724,西安外国语大学,,,,,,,,,,,,moderate,
F302,西交利物浦大学,,,,,,,,,,,,moderate,
A277,上海体育大学,,,,,,,,,,,,moderate,
A386,福州大学,福州,福建,2,华东,211|双一流,,,,,,,moderate,
A355,中国美术学院,,,,,,,,,,,,moderate,
A491,中国地质大学(武汉),,,,,211|双一流,,,,,,,moderate,
H414,中国石油大学(北京)克拉玛依校区,,,,,211|双一流,,,,,,,moderate,
A356,中国计量大学,,,,,,,,,,,,moderate,
A299,江苏大学,,,,,,,,,,,,moderate,
A718,陕西师范大学,西安,陕西,1,西北,211|双一流,,,,,,,moderate,
A140,辽宁大学,沈阳,辽宁,1,东北,211|双一流,,,,,,,moderate,
B078,广州大学,,,,,,,,,,,,moderate,
A312,南京医科大学,,,,,,,,,,,,moderate,
D705,成都医学院,,,,,,,,,,,,moderate,
B846,广东外语外贸大学,,,,,,,,,,,,moderate,
A279,上海戏剧学院,,,,,,,,,,,,moderate,
A626,四川农业大学,雅安,四川,3,西南,211|双一流,,,,,,,moderate,
F301,宁波诺丁汉大学,,,,,,,,,,,,moderate,
A572,广州中医药大学,,,,,,,,,,,,moderate,
A613,西南交通大学,成都,四川,1,西南,211|双一流,,,,,,,moderate,
A532,湖南大学,长沙,湖南,1,华中,985|211|双一流,,,,,,,moderate,
A047,中央美术学院,,,,,,,,,,,,moderate,
E878,康复大学,,,,,,,,,,,,moderate,
A038,首都经济贸易大学,,,,,,,,,,,,moderate,
A710,长安大学,西安,陕西,1,西北,211|双一流,,,,,,,moderate,
A635,西南大学,重庆,重庆,1,西南,211|双一流,,,,,,,moderate,
A617,重庆邮电大学,,,,,,,,,,,,moderate,
A200,东北师范大学,长春,吉林,2,东北,211|双一流,,,,,,,moderate,
A264,上海海洋大学,,,,,,,,,,,,moderate,
A063,天津中医药大学,,,,,,,,,,,,moderate,
A290,中国矿业大学,徐州,江苏,2,华东,211|双一流,,,,,,,moderate,
A327,南京财经大学,,,,,,,,,,,,moderate,
P004,陆军工程大学,,,,,,,,,,,,moderate,
A049,中国戏曲学院,,,,,,,,,,,,moderate,
A315,南京中医药大学,,,,,,,,,,,,moderate,
A726,西北政法大学,,,,,,,,,,,,moderate,
A252,上海理工大学,,,,,,,,,,,,moderate,
A022,北京林业大学,北京,北京,1,华北,211|双一流,,,,,,,moderate,
A313,徐州医科大学,,,,,,,,,,,,moderate,
A616,成都理工大学,,,,,,,,,,,,moderate,
A126,内蒙古大学,呼和浩特,内蒙古,3,华北,211|双一流,,,,,,,moderate,
A070,天津财经大学,,,,,,,,,,,,moderate,
H635,西南大学(荣昌校区),,,,,211|双一流,,,,,,,moderate,
F401,北师香港浸会大学,,,,,,,,,,,,moderate,
F409,深圳北理莫斯科大学,,,,,,,,,,,,moderate,
A068,天津外国语大学,,,,,,,,,,,,moderate,
B232,北京信息科技大学,,,,,,,,,,,,moderate,
A058,天津工业大学,,,,,,,,,,,,moderate,
B646,宁波大学,,,,,,,,,,,,moderate,
B287,南京审计大学,,,,,,,,,,,,moderate,
B835,上海政法学院,,,,,,,,,,,,moderate,
B482,浙江财经大学,,,,,,,,,,,,moderate,
A593,广西大学,南宁,广西,2,华南,211|双一流,,,,,,,moderate,
A163,沈阳药科大学,,,,,,,,,,,,moderate,
A151,大连海事大学,大连,辽宁,1,东北,211|双一流,,,,,,,moderate,
A673,云南大学,昆明,云南,2,西南,211|双一流,,,,,,,moderate,
B632,沈阳工程学院,,,,,,,,,,,,moderate,
F410,广东以色列理工学院,,,,,,,,,,,,moderate,
A504,华中农业大学,武汉,湖北,1,华中,211|双一流,,,,,,,moderate,
C044,上海第二工业大学,,,,,,,,,,,,moderate,
A755,新疆大学,乌鲁木齐,新疆,2,西北,211|双一流,,,,,,,moderate,
A615,西南石油大学,,,,,,,,,,,,moderate,
B349,五邑大学,,,,,,,,,,,,moderate,
A530,湘潭大学,,,,,,,,,,,,moderate,
B047,上海立信会计金融学院,,,,,,,,,,,,moderate,
B117,扬州大学,,,,,,,,,,,,moderate,
A184,延边大学,延吉,吉林,3,东北,211|双一流,,,,,,,moderate,
A259,上海应用技术大学,,,,,,,,,,,,moderate,
A291,南京工业大学,,,,,,,,,,,,moderate,
A353,浙江工商大学,,,,,,,,,,,,moderate,
B845,广东工业大学,,,,,,,,,,,,moderate,
A587,星海音乐学院,,,,,,,,,,,,moderate,
A657,贵州大学,贵阳,贵州,2,西南,211|双一流,,,,,,,moderate,
A592,广东财经大学,,,,,,,,,,,,moderate,
A108,山西大学,,,,,,,,,,,,moderate,
A331,南京艺术学院,,,,,,,,,,,,moderate,
A057,天津科技大学,,,,,,,,,,,,moderate,
A332,苏州科技大学,,,,,,,,,,,,moderate,
A292,常州大学,,,,,,,,,,,,moderate,
A589,海南大学,海口,海南,2,华南,211|双一流,,,,,,,moderate,
A346,杭州师范大学,,,,,,,,,,,,moderate,
A159,中国医科大学,,,,,,,,,,,,moderate,
A634,川北医学院,,,,,,,,,,,,moderate,
A523,湖北美术学院,,,,,,,,,,,,moderate,
A173,东北财经大学,,,,,,,,,,,,moderate,
B105,中国人民警察大学,,,,,,,,,,,,moderate,
A060,天津理工大学,,,,,,,,,,,,moderate,
B113,深圳职业技术大学,,,,,,,,,,,,moderate,
F405,温州肯恩大学,,,,,,,,,,,,moderate,
A015,北京印刷学院,,,,,,,,,,,,moderate,
A475,河南大学,,,,,,,,,,,,moderate,
Y006,山东师范大学,,,,,,,,,,,,moderate,
A337,浙江工业大学,,,,,,,,,,,,moderate,
A344,浙江中医药大学,,,,,,,,,,,,moderate,
A488,武汉科技大学,,,,,,,,,,,,moderate,
A016,北京建筑大学,,,,,,,,,,,,moderate,
D982,无锡学院,,,,,,,,,,,,moderate,
B660,重庆理工大学,,,,,,,,,,,,moderate,
A650,四川外国语大学,,,,,,,,,,,,moderate,
A065,天津师范大学,,,,,,,,,,,,moderate,
A564,华南农业大学,,,,,,,,,,,,moderate,
A390,集美大学,,,,,,,,,,,,moderate,
A560,汕头大学,,,,,,,,,,,,moderate,
B079,成都大学,,,,,,,,,,,,moderate,
C453,中国劳动关系学院,,,,,,,,,,,,moderate,
A850,南京工业职业技术大学,,,,,,,,,,,,moderate,
A759,石河子大学,石河子,新疆,3,西北,211|双一流,,,,,,,moderate,
D819,陕西警察学院,,,,,,,,,,,,moderate,
A043,北京体育大学,北京,北京,1,华北,211|双一流,,,,,,,moderate,
A694,西藏大学,拉萨,西藏,3,西南,211|双一流,,,,,,,moderate,
A385,华侨大学,,,,,,,,,,,,moderate,
A927,湖北科技学院,,,,,,,,,,,,moderate,
A017,北京石油化工学院,,,,,,,,,,,,moderate,
B664,西安邮电大学,,,,,,,,,,,,moderate,
A345,浙江师范大学,,,,,,,,,,,,moderate,
Y014,山东财经大学,,,,,,,,,,,,moderate,
A298,南京林业大学,,,,,,,,,,,,moderate,
A705,西安石油大学,,,,,,,,,,,,moderate,
A856,上海工程技术大学,,,,,,,,,,,,moderate,
A378,安徽财经大学,,,,,,,,,,,,moderate,
A225,东北林业大学,哈尔滨,黑龙江,2,东北,211|双一流,,,,,,,moderate,
A554,湖南工商大学,,,,,,,,,,,,moderate,
A495,武汉纺织大学,,,,,,,,,,,,moderate,
A304,南通大学,,,,,,,,,,,,moderate,
A624,中国民用航空飞行学院,,,,,,,,,,,,moderate,
B600,湖北经济学院,,,,,,,,,,,,moderate,
A366,安徽医科大学,,,,,,,,,,,,moderate,
A633,成都中医药大学,,,,,,,,,,,,moderate,
B458,上海电机学院,,,,,,,,,,,,moderate,
A172,大连外国语大学,,,,,,,,,,,,moderate,
A929,湖北医药学院,,,,,,,,,,,,moderate,
B149,中华女子学院,,,,,,,,,,,,moderate,
D287,湖州学院,,,,,,,,,,,,moderate,
D021,浙大城市学院,,,,,,,,,,,,moderate,
A338,浙江理工大学,,,,,,,,,,,,moderate,
A729,西安美术学院,,,,,,,,,,,,moderate,
A655,四川美术学院,,,,,,,,,,,,moderate,
A393,福建中医药大学,,,,,,,,,,,,moderate,
A743,青海大学,西宁,青海,3,西北,211|双一流,,,,,,,moderate,
A749,宁夏大学,银川,宁夏,3,西北,211|双一流,,,,,,,moderate,
A588,广东技术师范大学,,,,,,,,,,,,moderate,
A585,广州体育学院,,,,,,,,,,,,moderate,
A525,湖北汽车工业学院,,,,,,,,,,,,moderate,
A089,河北医科大学,,,,,,,,,,,,moderate,
B106,广州航海学院,,,,,,,,,,,,moderate,
A011,北京工商大学,,,,,,,,,,,,moderate,
A445,山东师范大学,,,,,,,,,,,,moderate,
A164,沈阳医学院,,,,,,,,,,,,moderate,
A456,山东财经大学,,,,,,,,,,,,moderate,
A621,成都信息工程大学,,,,,,,,,,,,moderate,
A369,安徽中医药大学,,,,,,,,,,,,moderate,
A631,重庆医科大学,,,,,,,,,,,,moderate,
A716,陕西中医药大学,,,,,,,,,,,,moderate,
B654,武汉商学院,,,,,,,,,,,,moderate,
A289,江苏科技大学,,,,,,,,,,,,moderate,
A524,中南民族大学,,,,,,,,,,,,moderate,
A224,东北农业大学,哈尔滨,黑龙江,2,东北,211|双一流,,,,,,,moderate,
A073,天津美术学院,,,,,,,,,,,,moderate,
A110,中北大学,,,,,,,,,,,,moderate,
B560,西安财经大学,,,,,,,,,,,,moderate,
A732,兰州交通大学,,,,,,,,,,,,moderate,
A107,石家庄铁道大学,,,,,,,,,,,,moderate,
A632,西南医科大学,,,,,,,,,,,,moderate,
B540,广东金融学院,,,,,,,,,,,,moderate,
B332,湖北警官学院,,,,,,,,,,,,moderate,
A069,天津商业大学,,,,,,,,,,,,moderate,
B969,郑州师范学院,,,,,,,,,,,,moderate,
A066,天津职业技术师范大学,,,,,,,,,,,,moderate,
B799,重庆工商大学,,,,,,,,,,,,moderate,
A490,武汉工程大学,,,,,,,,,,,,moderate,
D291,嘉兴南湖学院,,,,,,,,,,,,moderate,
A704,西安科技大学,,,,,,,,,,,,moderate,
B460,南京晓庄学院,,,,,,,,,,,,moderate,
B075,三峡大学,,,,,,,,,,,,moderate,
A536,长沙理工大学,,,,,,,,,,,,moderate,
A165,辽宁师范大学,,,,,,,,,,,,moderate,
A207,吉林财经大学,,,,,,,,,,,,moderate,
A471,河南中医药大学,,,,,,,,,,,,moderate,
A421,江西财经大学,,,,,,,,,,,,moderate,
B116,成都工业学院,,,,,,,,,,,,moderate,
A143,沈阳航空航天大学,,,,,,,,,,,,moderate,
B417,北京联合大学,,,,,,,,,,,,moderate,
B392,云南警官学院,,,,,,,,,,,,moderate,
B819,东莞理工学院,,,,,,,,,,,,moderate,
A395,闽江学院,,,,,,,,,,,,moderate,
C050,上海商学院,,,,,,,,,,,,moderate,
D415,河北医科大学临床学院,,,,,,,,,,,,moderate,
A484,河南财经政法大学,,,,,,,,,,,,moderate,
D618,安徽医科大学临床医学院,,,,,,,,,,,,moderate,
Y003,青岛科技大学,,,,,,,,,,,,moderate,
A394,福建师范大学,,,,,,,,,,,,moderate,
A858,北京科技职业大学,,,,,,,,,,,,moderate,
C107,贵州警察学院,,,,,,,,,,,,moderate,
A075,河北大学,,,,,,,,,,,,moderate,
A702,西安工业大学,,,,,,,,,,,,moderate,
C631,厦门医学院,,,,,,,,,,,,moderate,
A462,郑州轻工业大学,,,,,,,,,,,,moderate,
A351,温州大学,,,,,,,,,,,,moderate,
B832,河北经贸大学,,,,,,,,,,,,moderate,
B059,合肥大学,,,,,,,,,,,,moderate,
A098,河北民族师范学院,,,,,,,,,,,,moderate,
A377,滁州学院,,,,,,,,,,,,moderate,
B647,浙江传媒学院,,,,,,,,,,,,moderate,
B406,甘肃政法大学,,,,,,,,,,,,moderate,
A012,北京服装学院,,,,,,,,,,,,moderate,
A507,湖北中医药大学,,,,,,,,,,,,moderate,
A406,南昌航空大学,,,,,,,,,,,,moderate,
A343,温州医科大学,,,,,,,,,,,,moderate,
A220,东北石油大学,,,,,,,,,,,,moderate,
B055,常州工学院,,,,,,,,,,,,moderate,
A125,山西财经大学,,,,,,,,,,,,moderate,
A404,华东交通大学,,,,,,,,,,,,moderate,
A320,江苏师范大学,,,,,,,,,,,,moderate,
E098,合肥师范学院,,,,,,,,,,,,moderate,
A656,西南民族大学,,,,,,,,,,,,moderate,
A340,浙江海洋大学,,,,,,,,,,,,moderate,
B072,江汉大学,,,,,,,,,,,,moderate,
C214,湖南医药学院,,,,,,,,,,,,moderate,
A147,辽宁工程技术大学,,,,,,,,,,,,moderate,
A695,西藏民族大学,,,,,,,,,,,,moderate,
A219,黑龙江科技大学,,,,,,,,,,,,moderate,
A653,成都体育学院,,,,,,,,,,,,moderate,
A341,浙江农林大学,,,,,,,,,,,,moderate,
A176,沈阳体育学院,,,,,,,,,,,,moderate,
A622,四川轻化工大学,,,,,,,,,,,,moderate,
A071,天津体育学院,,,,,,,,,,,,moderate,
A152,大连工业大学,,,,,,,,,,,,moderate,
A424,山东科技大学,,,,,,,,,,,,moderate,
A270,上海师范大学,,,,,,,,,,,,moderate,
A100,廊坊师范学院,,,,,,,,,,,,moderate,
A595,桂林电子科技大学,,,,,,,,,,,,moderate,
A354,嘉兴大学,,,,,,,,,,,,moderate,
A364,安徽农业大学,,,,,,,,,,,,moderate,
A169,鞍山师范学院,,,,,,,,,,,,moderate,
A719,延安大学,,,,,,,,,,,,moderate,
A330,南京体育学院,,,,,,,,,,,,moderate,
A114,山西医科大学,,,,,,,,,,,,moderate,
A700,西安理工大学,,,,,,,,,,,,moderate,
A009,北方工业大学,,,,,,,,,,,,moderate,
A408,景德镇陶瓷大学,,,,,,,,,,,,moderate,
B065,青岛大学,,,,,,,,,,,,moderate,
A037,北京物资学院,,,,,,,,,,,,moderate,
E100,山东政法学院,,,,,,,,,,,,moderate,
C034,湖南第一师范学院,,,,,,,,,,,,moderate,
E560,哈尔滨音乐学院,,,,,,,,,,,,moderate,
Y017,青岛大学,,,,,,,,,,,,moderate,
A541,湖南中医药大学,,,,,,,,,,,,moderate,
A161,大连医科大学,,,,,,,,,,,,moderate,
D437,南昌医学院,,,,,,,,,,,,moderate,
A150,大连交通大学,,,,,,,,,,,,moderate,
B258,大连大学,,,,,,,,,,,,moderate,
D763,福建江夏学院,,,,,,,,,,,,moderate,
A709,西安工程大学,,,,,,,,,,,,moderate,
A352,丽水学院,,,,,,,,,,,,moderate,
A212,黑龙江大学,,,,,,,,,,,,moderate,
B824,桂林师范学院,,,,,,,,,,,,moderate,
A032,北京语言大学,,,,,,,,,,,,moderate,
A242,哈尔滨体育学院,,,,,,,,,,,,moderate,
E389,成都师范学院,,,,,,,,,,,,moderate,
B641,江苏海洋大学,,,,,,,,,,,,moderate,
E092,滇西科技师范学院,,,,,,,,,,,,moderate,
C481,拉萨师范学院,,,,,,,,,,,,moderate,
A577,惠州学院,,,,,,,,,,,,moderate,
A177,沈阳音乐学院,,,,,,,,,,,,moderate,
A661,遵义医科大学,,,,,,,,,,,,moderate,
C026,大连民族大学,,,,,,,,,,,,moderate,
A681,云南师范大学,,,,,,,,,,,,moderate,
A228,黑龙江中医药大学,,,,,,,,,,,,moderate,
A209,吉林艺术学院,,,,,,,,,,,,moderate,
A690,云南艺术学院,,,,,,,,,,,,moderate,
E531,内蒙古艺术学院,,,,,,,,,,,,moderate,
A654,四川音乐学院,,,,,,,,,,,,moderate,
A607,广西艺术学院,,,,,,,,,,,,moderate,
B731,贵州商学院,,,,,,,,,,,,moderate,
A458,山东艺术学院,,,,,,,,,,,,moderate,
A370,安徽师范大学,,,,,,,,,,,,moderate,
A157,沈阳农业大学,,,,,,,,,,,,moderate,
A741,兰州财经大学,,,,,,,,,,,,moderate,
A367,蚌埠医科大学,,,,,,,,,,,,moderate,
A205,长春师范大学,,,,,,,,,,,,moderate,
A350,台州学院,,,,,,,,,,,,moderate,
A768,新疆艺术学院,,,,,,,,,,,,moderate,
A708,陕西科技大学,,,,,,,,,,,,moderate,
A703,西安建筑科技大学,,,,,,,,,,,,moderate,
A109,太原科技大学,,,,,,,,,,,,moderate,
A720,陕西理工大学,,,,,,,,,,,,moderate,
E199,内蒙古大学创业学院,,,,,211|双一流,,,,,,,moderate,
A142,沈阳工业大学,,,,,,,,,,,,moderate,
D414,河北经贸大学经济管理学院,,,,,,,,,,,,moderate,
A105,沧州师范学院,,,,,,,,,,,,moderate,
Y000,哈尔滨理工大学,,,,,,,,,,,,moderate,
A094,河北师范大学,,,,,,,,,,,,moderate,
D658,天津外国语大学滨海外事学院,,,,,,,,,,,,moderate,
A636,四川师范大学,,,,,,,,,,,,moderate,
A731,兰州理工大学,,,,,,,,,,,,moderate,
B420,河北金融学院,,,,,,,,,,,,moderate,
E432,河北中医药大学,,,,,,,,,,,,moderate,
A407,江西理工大学,,,,,,,,,,,,moderate,
A347,湖州师范学院,,,,,,,,,,,,moderate,
B062,厦门理工学院,,,,,,,,,,,,moderate,
A333,苏州工学院,,,,,,,,,,,,moderate,
D990,南京财经大学红山学院,,,,,,,,,,,,moderate,
C105,天津中德应用技术大学,,,,,,,,,,,,moderate,
A472,河南医药大学,,,,,,,,,,,,moderate,
A092,河北北方学院,,,,,,,,,,,,moderate,
B847,佛山大学,,,,,,,,,,,,moderate,
A139,内蒙古财经大学,,,,,,,,,,,,moderate,
A441,山东中医药大学,,,,,,,,,,,,moderate,
A573,广东药科大学,,,,,,,,,,,,moderate,
Y016,济南大学,,,,,,,,,,,,moderate,
A566,广东海洋大学,,,,,,,,,,,,moderate,
D251,湖北经济学院法商学院,,,,,,,,,,,,moderate,
D332,昆明医科大学海源学院,,,,,,,,,,,,moderate,
B441,吉林警察学院,,,,,,,,,,,,moderate,
A077,河北地质大学,,,,,,,,,,,,moderate,
A229,牡丹江医科大学,,,,,,,,,,,,moderate,
A120,山西大同大学,,,,,,,,,,,,moderate,
D249,湖北医药学院药护学院,,,,,,,,,,,,moderate,
A371,阜阳师范大学,,,,,,,,,,,,moderate,
D292,中国计量大学现代科技学院,,,,,,,,,,,,moderate,
A148,辽宁石油化工大学,,,,,,,,,,,,moderate,
A537,湖南农业大学,,,,,,,,,,,,moderate,
A412,江西中医药大学,,,,,,,,,,,,moderate,
A361,安徽理工大学,,,,,,,,,,,,moderate,
A463,河南工业大学,,,,,,,,,,,,moderate,
A460,河南理工大学,,,,,,,,,,,,moderate,
D253,武汉体育学院体育科技学院,,,,,,,,,,,,moderate,
D687,南京传媒学院,,,,,,,,,,,,moderate,
D250,湖北恩施学院,,,,,,,,,,,,moderate,
A522,武汉体育学院,,,,,,,,,,,,moderate,
A132,内蒙古医科大学,,,,,,,,,,,,moderate,
A512,湖北大学,,,,,,,,,,,,moderate,
A555,南华大学,,,,,,,,,,,,moderate,
A514,黄冈师范学院,,,,,,,,,,,,moderate,
A413,赣南医科大学,,,,,,,,,,,,moderate,
D632,上海视觉艺术学院,,,,,,,,,,,,moderate,
A438,山东第二医科大学,,,,,,,,,,,,moderate,
B551,重庆科技大学,,,,,,,,,,,,moderate,
D611,蚌埠工商学院,,,,,,,,,,,,moderate,
A262,上海健康医学院,,,,,,,,,,,,moderate,
Y005,齐鲁工业大学,,,,,,,,,,,,moderate,
A823,长沙医学院,,,,,,,,,,,,moderate,
A360,安徽工业大学,,,,,,,,,,,,moderate,
B532,湖南财政经济学院,,,,,,,,,,,,moderate,
A792,天津城建大学,,,,,,,,,,,,moderate,
C747,郑州工业应用技术学院,,,,,,,,,,,,moderate,
A833,广东轻工职业技术大学,,,,,,,,,,,,moderate,
A727,西安体育学院,,,,,,,,,,,,moderate,
D660,天津商业大学宝德学院,,,,,,,,,,,,moderate,
A363,安徽工程大学,,,,,,,,,,,,moderate,
B688,山东工商学院,,,,,,,,,,,,moderate,
E139,民政职业大学,,,,,,,,,,,,moderate,
D653,遵义医科大学医学与科技学院,,,,,,,,,,,,moderate,
E099,湖北第二师范学院,,,,,,,,,,,,moderate,
D811,琼台师范学院,,,,,,,,,,,,moderate,
B629,北华航天工业学院,,,,,,,,,,,,moderate,
E830,重庆中医药学院,,,,,,,,,,,,moderate,
A190,长春工业大学,,,,,,,,,,,,moderate,
B230,齐齐哈尔医学院,,,,,,,,,,,,moderate,
A434,山东农业大学,,,,,,,,,,,,moderate,
B538,湖南女子学院,,,,,,,,,,,,moderate,
A678,昆明医科大学,,,,,,,,,,,,moderate,
A216,燕山大学,,,,,,,,,,,,moderate,
D588,重庆外语外事学院,,,,,,,,,,,,moderate,
A752,宁夏医科大学,,,,,,,,,,,,moderate,
A160,锦州医科大学,,,,,,,,,,,,moderate,
D649,贵州黔南科技学院,,,,,,,,,,,,moderate,
A513,湖北师范大学,,,,,,,,,,,,moderate,
Y021,山东科技大学,,,,,,,,,,,,moderate,
E207,上海财经大学浙江学院,,,,,211|双一流,,,,,,,moderate,
D686,武汉传媒学院,,,,,,,,,,,,moderate,
A188,东北电力大学,,,,,,,,,,,,moderate,
A149,沈阳化工大学,,,,,,,,,,,,moderate,
A093,承德医学院,,,,,,,,,,,,moderate,
A809,山西中医药大学,,,,,,,,,,,,moderate,
B048,金陵科技学院,,,,,,,,,,,,moderate,
C058,黄河水利职业技术大学,,,,,,,,,,,,moderate,
B784,仰恩大学,,,,,,,,,,,,moderate,
E201,北京第二外国语学院中瑞酒店管理学院,,,,,,,,,,,,moderate,
D810,肇庆医学院,,,,,,,,,,,,moderate,
B805,甘肃医学院,,,,,,,,,,,,moderate,
C048,南京特殊教育师范学院,,,,,,,,,,,,moderate,
A517,湖北民族大学,,,,,,,,,,,,moderate,
A663,贵州师范大学,,,,,,,,,,,,moderate,
A679,大理大学,,,,,,,,,,,,moderate,
A410,江西农业大学,,,,,,,,,,,,moderate,
A623,西华大学,,,,,,,,,,,,moderate,
D188,武汉晴川学院,,,,,,,,,,,,moderate,
B033,唐山学院,,,,,,,,,,,,moderate,
A118,山西师范大学,,,,,,,,,,,,moderate,
A640,内江师范学院,,,,,,,,,,,,moderate,
B658,海南师范大学,,,,,,,,,,,,moderate,
A135,内蒙古师范大学,,,,,,,,,,,,moderate,
D637,温州商学院,,,,,,,,,,,,moderate,
E436,江苏第二师范学院,,,,,,,,,,,,moderate,
E275,浙江外国语学院,,,,,,,,,,,,moderate,
E434,山西传媒学院,,,,,,,,,,,,moderate,
A245,哈尔滨金融学院,,,,,,,,,,,,moderate,
A638,西华师范大学,,,,,,,,,,,,moderate,
B535,湖南工业大学,,,,,,,,,,,,moderate,
E277,山东青年政治学院,,,,,,,,,,,,moderate,
B775,防灾科技学院,,,,,,,,,,,,moderate,
Y015,山东建筑大学,,,,,,,,,,,,moderate,
A576,韶关学院,,,,,,,,,,,,moderate,
A433,山东理工大学,,,,,,,,,,,,moderate,
A439,山东第一医科大学,,,,,,,,,,,,moderate,
A457,山东体育学院,,,,,,,,,,,,moderate,
A599,右江民族医学院,,,,,,,,,,,,moderate,
B785,江西职业技术大学,,,,,,,,,,,,moderate,
E046,福建农林大学金山学院,,,,,,,,,,,,moderate,
A226,哈尔滨医科大学,,,,,,,,,,,,moderate,
A349,绍兴文理学院,,,,,,,,,,,,moderate,
A166,沈阳师范大学,,,,,,,,,,,,moderate,
A680,云南中医药大学,,,,,,,,,,,,moderate,
B057,浙江科技大学,,,,,,,,,,,,moderate,
B833,上海杉达学院,,,,,,,,,,,,moderate,
D661,天津医科大学临床医学院,,,,,211|双一流,,,,,,,moderate,
A531,吉首大学,,,,,,,,,,,,moderate,
A208,吉林体育学院,,,,,,,,,,,,moderate,
D673,成都外国语学院,,,,,,,,,,,,moderate,
A388,福建理工大学,,,,,,,,,,,,moderate,
B035,沈阳大学,,,,,,,,,,,,moderate,
A534,湖南科技大学,,,,,,,,,,,,moderate,
A199,长春中医药大学,,,,,,,,,,,,moderate,
A061,天津农学院,,,,,,,,,,,,moderate,
A735,甘肃中医药大学,,,,,,,,,,,,moderate,
A096,保定学院,,,,,,,,,,,,moderate,
M285,江西飞行学院,,,,,,,,,,,,moderate,
A418,赣南师范大学,,,,,,,,,,,,moderate,
A158,大连海洋大学,,,,,,,,,,,,moderate,
B058,宁波工程学院,,,,,,,,,,,,moderate,
A596,桂林理工大学,,,,,,,,,,,,moderate,
B080,西安文理学院,,,,,,,,,,,,moderate,
D436,江西农业大学南昌商学院,,,,,,,,,,,,moderate,
A414,江西师范大学,,,,,,,,,,,,moderate,
A571,广东医科大学,,,,,,,,,,,,moderate,
A603,南宁师范大学,,,,,,,,,,,,moderate,
A519,湖北文理学院,,,,,,,,,,,,moderate,
C799,上海建桥学院,,,,,,,,,,,,moderate,
A760,新疆医科大学,,,,,,,,,,,,moderate,
A722,咸阳师范学院,,,,,,,,,,,,moderate,
A643,重庆三峡学院,,,,,,,,,,,,moderate,
A231,哈尔滨师范大学,,,,,,,,,,,,moderate,
A232,齐齐哈尔大学,,,,,,,,,,,,moderate,
Y004,青岛理工大学,,,,,,,,,,,,moderate,
D654,南京理工大学紫金学院,,,,,211|双一流,,,,,,,moderate,
A240,哈尔滨商业大学,,,,,,,,,,,,moderate,
A677,西南林业大学,,,,,,,,,,,,moderate,
B053,徐州工程学院,,,,,,,,,,,,moderate,
B488,衢州学院,,,,,,,,,,,,moderate,
C539,酒泉职业技术大学,,,,,,,,,,,,moderate,
D612,合肥理工学院,,,,,,,,,,,,moderate,
A476,河南师范大学,,,,,,,,,,,,moderate,
A742,西北民族大学,,,,,,,,,,,,moderate,
A822,广东白云学院,,,,,,,,,,,,moderate,
A203,吉林师范大学,,,,,,,,,,,,moderate,
A691,云南民族大学,,,,,,,,,,,,moderate,
A496,武汉轻工大学,,,,,,,,,,,,moderate,
A602,广西师范大学,,,,,,,,,,,,moderate,
A538,中南林业科技大学,,,,,,,,,,,,moderate,
B077,长沙学院,,,,,,,,,,,,moderate,
C911,哈尔滨职业技术大学,,,,,,,,,,,,moderate,
A324,盐城师范学院,,,,,,,,,,,,moderate,
A186,长春理工大学,,,,,,,,,,,,moderate,
B736,西安航空学院,,,,,,,,,,,,moderate,
A518,汉江师范学院,,,,,,,,,,,,moderate,
A546,衡阳师范学院,,,,,,,,,,,,moderate,
A500,湖北工业大学,,,,,,,,,,,,moderate,
A086,河北农业大学,,,,,,,,,,,,moderate,
H127,内蒙古科技大学包头医学院,,,,,,,,,,,,moderate,
A427,济南大学,,,,,,,,,,,,moderate,
C763,四川工程职业技术大学,,,,,,,,,,,,moderate,
D994,南京审计大学金审学院,,,,,,,,,,,,moderate,
D524,北海艺术设计学院,,,,,,,,,,,,moderate,
A127,内蒙古科技大学,,,,,,,,,,,,moderate,
A876,浙江万里学院,,,,,,,,,,,,moderate,
A670,黔南民族师范学院,,,,,,,,,,,,moderate,
D684,珠海科技学院,,,,,,,,,,,,moderate,
C734,新疆警察学院,,,,,,,,,,,,moderate,
A117,长治医学院,,,,,,,,,,,,moderate,
E458,张家口学院,,,,,,,,,,,,moderate,
A078,华北水利水电大学,,,,,,,,,,,,moderate,
B436,长春汽车职业技术大学,,,,,,,,,,,,moderate,
A103,邯郸学院,,,,,,,,,,,,moderate,
A639,绵阳师范学院,,,,,,,,,,,,moderate,
B318,江西科技师范大学,,,,,,,,,,,,moderate,
A113,山西农业大学,,,,,,,,,,,,moderate,
A649,乐山师范学院,,,,,,,,,,,,moderate,
A879,安徽科技学院,,,,,,,,,,,,moderate,
A959,安徽三联学院,,,,,,,,,,,,moderate,
A443,济宁医学院,,,,,,,,,,,,moderate,
E438,山东管理学院,,,,,,,,,,,,moderate,
B838,贺州学院,,,,,,,,,,,,moderate,
B652,河南财政金融学院,,,,,,,,,,,,moderate,
A399,泉州师范学院,,,,,,,,,,,,moderate,
A234,哈尔滨学院,,,,,,,,,,,,moderate,
B342,湖南工程学院,,,,,,,,,,,,moderate,
A894,景德镇学院,,,,,,,,,,,,moderate,
D844,东莞城市学院,,,,,,,,,,,,moderate,
A878,安徽建筑大学,,,,,,,,,,,,moderate,
D121,西安思源学院,,,,,,,,,,,,moderate,
A373,淮北师范大学,,,,,,,,,,,,moderate,
D667,广州商学院,,,,,,,,,,,,moderate,
C059,广东培正学院,,,,,,,,,,,,moderate,
A482,洛阳师范学院,,,,,,,,,,,,moderate,
B355,南宁职业技术大学,,,,,,,,,,,,moderate,
A753,宁夏师范大学,,,,,,,,,,,,moderate,
A167,渤海大学,,,,,,,,,,,,moderate,
D597,山西科技学院,,,,,,,,,,,,moderate,
A136,内蒙古民族大学,,,,,,,,,,,,moderate,
B528,湖南工学院,,,,,,,,,,,,moderate,
D623,长春大学旅游学院,,,,,,,,,,,,moderate,
A578,韩山师范学院,,,,,,,,,,,,moderate,
B276,南京工程学院,,,,,,,,,,,,moderate,
D987,扬州大学广陵学院,,,,,,,,,,,,moderate,
B329,河南工学院,,,,,,,,,,,,moderate,
A162,辽宁中医药大学,,,,,,,,,,,,moderate,
A746,青海师范大学,,,,,,,,,,,,moderate,
A545,湘南学院,,,,,,,,,,,,moderate,
B430,辽宁科技学院,,,,,,,,,,,,moderate,
D236,三峡大学科技学院,,,,,,,,,,,,moderate,
A920,湖北理工学院,,,,,,,,,,,,moderate,
A419,井冈山大学,,,,,,,,,,,,moderate,
B305,蚌埠学院,,,,,,,,,,,,moderate,
D904,北京工业大学耿丹学院,,,,,211|双一流,,,,,,,moderate,
A223,黑龙江八一农垦大学,,,,,,,,,,,,moderate,
A672,贵州民族大学,,,,,,,,,,,,moderate,
A397,武夷学院,,,,,,,,,,,,moderate,
A664,遵义师范学院,,,,,,,,,,,,moderate,
A464,河南科技大学,,,,,,,,,,,,moderate,
A733,甘肃农业大学,,,,,,,,,,,,moderate,
A085,河北水利电力学院,,,,,,,,,,,,moderate,
A543,湖南理工学院,,,,,,,,,,,,moderate,
B565,乌鲁木齐职业大学,,,,,,,,,,,,moderate,
A128,内蒙古工业大学,,,,,,,,,,,,moderate,
B802,黑龙江工程学院,,,,,,,,,,,,moderate,
D290,浙江工商大学杭州商学院,,,,,,,,,,,,moderate,
B806,陇南师范学院,,,,,,,,,,,,moderate,
A976,贵阳学院,,,,,,,,,,,,moderate,
F203,河北科技工程职业技术大学,,,,,,,,,,,,moderate,
A389,福建农林大学,,,,,,,,,,,,moderate,
A323,淮阴师范学院,,,,,,,,,,,,moderate,
A548,怀化学院,,,,,,,,,,,,moderate,
D257,湖北文理学院理工学院,,,,,,,,,,,,moderate,
F205,广西农业职业技术大学,,,,,,,,,,,,moderate,
A144,沈阳理工大学,,,,,,,,,,,,moderate,
A084,河北建筑工程学院,,,,,,,,,,,,moderate,
A480,许昌学院,,,,,,,,,,,,moderate,
D505,豫北医学院,,,,,,,,,,,,moderate,
A549,湖南文理学院,,,,,,,,,,,,moderate,
C835,甘肃林业职业技术大学,,,,,,,,,,,,moderate,
C973,青海职业技术大学,,,,,,,,,,,,moderate,
A689,云南财经大学,,,,,,,,,,,,moderate,
A392,福建医科大学,,,,,,,,,,,,moderate,
D662,长春人文学院,,,,,,,,,,,,moderate,
D678,西北大学现代学院,,,,,211|双一流,,,,,,,moderate,
A723,渭南师范学院,,,,,,,,,,,,moderate,
B104,华北科技学院,,,,,,,,,,,,moderate,
B070,洛阳理工学院,,,,,,,,,,,,moderate,
F208,兰州资源环境职业技术大学,,,,,,,,,,,,moderate,
D402,河北外国语学院,,,,,,,,,,,,moderate,
A020,北京农学院,,,,,,,,,,,,moderate,
D432,赣东学院,,,,,,,,,,,,moderate,
A739,天水师范大学,,,,,,,,,,,,moderate,
E440,贵州理工学院,,,,,,,,,,,,moderate,
B049,淮阴工学院,,,,,,,,,,,,moderate,
D989,南京邮电大学通达学院,,,,,,,,,,,,moderate,
D706,吉林医药学院,,,,,,,,,,,,moderate,
A379,宿州学院,,,,,,,,,,,,moderate,
B393,昆明学院,,,,,,,,,,,,moderate,
B068,郑州工程技术学院,,,,,,,,,,,,moderate,
E101,太原工业学院,,,,,,,,,,,,moderate,
A398,宁德师范学院,,,,,,,,,,,,moderate,
D655,南京航空航天大学金城学院,,,,,211|双一流,,,,,,,moderate,
F202,河北石油职业技术大学,,,,,,,,,,,,moderate,
A766,新疆财经大学,,,,,,,,,,,,moderate,
B498,莆田学院,,,,,,,,,,,,moderate,
A381,淮南师范学院,,,,,,,,,,,,moderate,
E410,四川电影电视学院,,,,,,,,,,,,moderate,
F209,兰州石化职业技术大学,,,,,,,,,,,,moderate,
E437,南昌师范学院,,,,,,,,,,,,moderate,
B726,长春大学,,,,,,,,,,,,moderate,
B067,潍坊学院,,,,,,,,,,,,moderate,
D303,哈尔滨剑桥学院,,,,,,,,,,,,moderate,
M189,山西能源学院,,,,,,,,,,,,moderate,
A606,玉林师范学院,,,,,,,,,,,,moderate,
D009,淄博职业技术大学,,,,,,,,,,,,moderate,
A674,昆明理工大学,,,,,,,,,,,,moderate,
D926,新疆交通职业技术大学,,,,,,,,,,,,moderate,
D991,江苏科技大学苏州理工学院,,,,,,,,,,,,moderate,
A222,佳木斯大学,,,,,,,,,,,,moderate,
B607,北部湾大学,,,,,,,,,,,,moderate,
B306,池州学院,,,,,,,,,,,,moderate,
A721,宝鸡文理学院,,,,,,,,,,,,moderate,
A687,红河学院,,,,,,,,,,,,moderate,
E435,营口理工学院,,,,,,,,,,,,moderate,
A440,滨州医学院,,,,,,,,,,,,moderate,
A119,太原师范学院,,,,,,,,,,,,moderate,
A375,黄山学院,,,,,,,,,,,,moderate,
A798,河北科技师范学院,,,,,,,,,,,,moderate,
A380,巢湖学院,,,,,,,,,,,,moderate,
D386,山东石油化工学院,,,,,,,,,,,,moderate,
D434,赣南科技学院,,,,,,,,,,,,moderate,
A123,运城学院,,,,,,,,,,,,moderate,
F201,山西工程科技职业大学,,,,,,,,,,,,moderate,
A594,广西科技大学,,,,,,,,,,,,moderate,
B963,亳州学院,,,,,,,,,,,,moderate,
M721,河北环境工程学院,,,,,,,,,,,,moderate,
D659,天津传媒学院,,,,,,,,,,,,moderate,
F204,河北工业职业技术大学,,,,,,,,,,,,moderate,
D906,南京师范大学中北学院,,,,,211|双一流,,,,,,,moderate,
A551,湖南科技学院,,,,,,,,,,,,moderate,
B807,兰州工业学院,,,,,,,,,,,,moderate,
D560,新疆第二医学院,,,,,,,,,,,,moderate,
B336,荆楚理工学院,,,,,,,,,,,,moderate,
A895,萍乡学院,,,,,,,,,,,,moderate,
A416,上饶师范学院,,,,,,,,,,,,moderate,
A667,安顺学院,,,,,,,,,,,,moderate,
B071,新乡学院,,,,,,,,,,,,moderate,
A102,石家庄学院,,,,,,,,,,,,moderate,
E390,陕西学前师范学院,,,,,,,,,,,,moderate,
A977,六盘水师范学院,,,,,,,,,,,,moderate,
B360,攀枝花学院,,,,,,,,,,,,moderate,
B354,梧州学院,,,,,,,,,,,,moderate,
A104,邢台学院,,,,,,,,,,,,moderate,
B825,桂林航天工业学院,,,,,,,,,,,,moderate,
A082,河北科技大学,,,,,,,,,,,,moderate,
A383,铜陵学院,,,,,,,,,,,,moderate,
B261,吉林工商学院,,,,,,,,,,,,moderate,
A467,河南科技学院,,,,,,,,,,,,moderate,
D296,黑龙江外国语学院,,,,,,,,,,,,moderate,
A081,华北理工大学,,,,,,,,,,,,moderate,
A122,长治学院,,,,,,,,,,,,moderate,
D744,黑河学院,,,,,,,,,,,,moderate,
A841,辽宁对外经贸学院,,,,,,,,,,,,moderate,
A192,吉林化工大学,,,,,,,,,,,,moderate,
B527,湖南城市学院,,,,,,,,,,,,moderate,
D628,新疆政法学院,,,,,,,,,,,,moderate,
A236,绥化学院,,,,,,,,,,,,moderate,
A426,青岛科技大学,,,,,,,,,,,,moderate,
D534,山西工学院,,,,,,,,,,,,moderate,
B517,河南工程学院,,,,,,,,,,,,moderate,
A121,晋中学院,,,,,,,,,,,,moderate,
A553,湖南人文科技学院,,,,,,,,,,,,moderate,
A478,周口师范学院,,,,,,,,,,,,moderate,
B397,安康学院,,,,,,,,,,,,moderate,
B656,广东石油化工学院,,,,,,,,,,,,moderate,
A605,河池学院,,,,,,,,,,,,moderate,
A665,铜仁学院,,,,,,,,,,,,moderate,
B562,兰州文理学院,,,,,,,,,,,,moderate,
B843,九江学院,,,,,,,,,,,,moderate,
B390,玉溪师范学院,,,,,,,,,,,,moderate,
A684,曲靖师范学院,,,,,,,,,,,,moderate,
A233,牡丹江师范学院,,,,,,,,,,,,moderate,
A738,陇东学院,,,,,,,,,,,,moderate,
A235,大庆师范学院,,,,,,,,,,,,moderate,
A193,吉林农业大学,,,,,,,,,,,,moderate,
C331,山东女子学院,,,,,,,,,,,,moderate,
A995,新疆农业职业技术大学,,,,,,,,,,,,moderate,
A609,百色学院,,,,,,,,,,,,moderate,
A485,郑州航空工业管理学院,,,,,,,,,,,,moderate,
A099,唐山师范学院,,,,,,,,,,,,moderate,
C714,西安翻译学院,,,,,,,,,,,,moderate,
C656,中南林业科技大学涉外学院,,,,,,,,,,,,moderate,
A669,凯里学院,,,,,,,,,,,,moderate,
B709,呼和浩特民族学院,,,,,,,,,,,,moderate,
B463,江苏理工学院,,,,,,,,,,,,moderate,
A206,白城师范学院,,,,,,,,,,,,moderate,
A449,山东航空学院,,,,,,,,,,,,moderate,
E223,贵州师范学院,,,,,,,,,,,,moderate,
A138,赤峰学院,,,,,,,,,,,,moderate,
D275,浙江工业大学之江学院,,,,,,,,,,,,moderate,
A740,河西学院,,,,,,,,,,,,moderate,
A483,商丘师范学院,,,,,,,,,,,,moderate,
D627,重庆移通学院,,,,,,,,,,,,moderate,
A582,嘉应学院,,,,,,,,,,,,moderate,
B427,集宁师范学院,,,,,,,,,,,,moderate,
A465,中原工学院,,,,,,,,,,,,moderate,
A481,南阳师范学院,,,,,,,,,,,,moderate,
A528,湖北工程学院,,,,,,,,,,,,moderate,
E233,漯河食品工程职业大学,,,,,,,,,,,,moderate,
A479,安阳师范学院,,,,,,,,,,,,moderate,
B311,三明学院,,,,,,,,,,,,moderate,
B326,信阳农林学院,,,,,,,,,,,,moderate,
A154,辽宁工业大学,,,,,,,,,,,,moderate,
A919,平顶山学院,,,,,,,,,,,,moderate,
B561,甘肃民族师范学院,,,,,,,,,,,,moderate,
D503,信阳学院,,,,,,,,,,,,moderate,
A146,辽宁科技大学,,,,,,,,,,,,moderate,
A579,岭南师范学院,,,,,,,,,,,,moderate,
E527,山西工程技术学院,,,,,,,,,,,,moderate,
A124,忻州师范学院,,,,,,,,,,,,moderate,
A646,阿坝师范学院,,,,,,,,,,,,moderate,
D284,温州医科大学仁济学院,,,,,,,,,,,,moderate,
A618,重庆交通大学,,,,,,,,,,,,moderate,
A547,邵阳学院,,,,,,,,,,,,moderate,
A644,四川文理学院,,,,,,,,,,,,moderate,
A469,河南牧业经济学院,,,,,,,,,,,,moderate,
B312,龙岩学院,,,,,,,,,,,,moderate,
B396,商洛学院,,,,,,,,,,,,moderate,
B556,文山学院,,,,,,,,,,,,moderate,
B508,新余学院,,,,,,,,,,,,moderate,
B653,南阳理工学院,,,,,,,,,,,,moderate,
A129,内蒙古农业大学,,,,,,,,,,,,moderate,
A757,塔里木大学,,,,,,,,,,,,moderate,
D507,郑州工商学院,,,,,,,,,,,,moderate,
D471,集美大学诚毅学院,,,,,,,,,,,,moderate,
A647,长江师范学院,,,,,,,,,,,,moderate,
A812,吕梁学院,,,,,,,,,,,,moderate,
B319,江西水利电力大学,,,,,,,,,,,,moderate,
B546,广西科技师范学院,,,,,,,,,,,,moderate,
A637,重庆师范大学,,,,,,,,,,,,moderate,
A762,新疆师范大学,,,,,,,,,,,,moderate,
D234,湖北大学知行学院,,,,,,,,,,,,moderate,
B765,河南城建学院,,,,,,,,,,,,moderate,
A628,西昌学院,,,,,,,,,,,,moderate,
A580,肇庆学院,,,,,,,,,,,,moderate,
C746,郑州科技学院,,,,,,,,,,,,moderate,
D672,四川工商学院,,,,,,,,,,,,moderate,
G127,内蒙古科技大学包头师范学院,,,,,,,,,,,,moderate,
A686,保山学院,,,,,,,,,,,,moderate,
A997,昌吉学院,,,,,,,,,,,,moderate,
A076,河北工程大学,,,,,,,,,,,,moderate,
A101,衡水学院,,,,,,,,,,,,moderate,
A918,黄淮学院,,,,,,,,,,,,moderate,
A685,普洱学院,,,,,,,,,,,,moderate,
A204,吉林工程技术师范学院,,,,,,,,,,,,moderate,
D668,成都理工大学工程技术学院,,,,,,,,,,,,moderate,
D691,山西工商学院,,,,,,,,,,,,moderate,
A489,长江大学,,,,,,,,,,,,moderate,
D589,重庆对外经贸学院,,,,,,,,,,,,moderate,
B100,海南热带海洋学院,,,,,,,,,,,,moderate,
B391,楚雄师范学院,,,,,,,,,,,,moderate,
A764,伊犁师范大学,,,,,,,,,,,,moderate,
A763,喀什大学,,,,,,,,,,,,moderate,
A191,吉林建筑大学,,,,,,,,,,,,moderate,
B834,黄河科技学院,,,,,,,,,,,,moderate,
A737,兰州城市学院,,,,,,,,,,,,moderate,
A453,泰山学院,,,,,,,,,,,,moderate,
D283,浙江农林大学暨阳学院,,,,,,,,,,,,moderate,
A819,呼伦贝尔学院,,,,,,,,,,,,moderate,
B445,黑龙江工业学院,,,,,,,,,,,,moderate,
B552,四川旅游学院,,,,,,,,,,,,moderate,
A994,新疆工程学院,,,,,,,,,,,,moderate,
D433,南昌航空大学科技学院,,,,,,,,,,,,moderate,
E881,青海理工学院,,,,,,,,,,,,moderate,
D897,天津理工大学中环信息学院,,,,,,,,,,,,moderate,
B407,北方民族大学,,,,,,,,,,,,moderate,
D665,电子科技大学成都学院,,,,,985|211|双一流,,,,,,,moderate,
D634,武汉学院,,,,,,,,,,,,moderate,
E623,滇西应用技术大学,,,,,,,,,,,,moderate,
D440,南昌应用技术师范学院,,,,,,,,,,,,moderate,
D535,晋中信息学院,,,,,,,,,,,,moderate,
A693,西藏农牧学院,,,,,,,,,,,,moderate,
D666,武汉华夏理工学院,,,,,,,,,,,,moderate,
D677,西安交通大学城市学院,,,,,985|211|双一流,,,,,,,moderate,
D561,新疆科技学院,,,,,,,,,,,,moderate,
B548,广西财经学院,,,,,,,,,,,,moderate,
D558,新疆理工学院,,,,,,,,,,,,moderate,
D593,石家庄铁道大学四方学院,,,,,,,,,,,,moderate,
C362,武汉生物工程学院,,,,,,,,,,,,moderate,
A964,吉林外国语大学,,,,,,,,,,,,moderate,
D643,广西中医药大学赛恩斯新医药学院,,,,,,,,,,,,moderate,
D898,北京科技大学天津学院,,,,,211|双一流,,,,,,,moderate,
D590,重庆财经学院,,,,,,,,,,,,moderate,
A765,新疆和田学院,,,,,,,,,,,,moderate,
E625,茅台学院,,,,,,,,,,,,moderate,
D571,无锡太湖学院,,,,,,,,,,,,moderate,
A417,宜春学院,,,,,,,,,,,,moderate,
D429,南昌大学科学技术学院,,,,,211|双一流,,,,,,,moderate,
D670,成都银杏酒店管理学院,,,,,,,,,,,,moderate,
F206,贵阳康养职业大学,,,,,,,,,,,,moderate,
E388,重庆第二师范学院,,,,,,,,,,,,moderate,
B439,吉林农业科技学院,,,,,,,,,,,,moderate,
D579,中国矿业大学徐海学院,,,,,211|双一流,,,,,,,moderate,
D578,河北工程大学科信学院,,,,,,,,,,,,moderate,
E897,新疆工业学院,,,,,,,,,,,,moderate,
A477,信阳师范大学,,,,,,,,,,,,moderate,
D842,南京理工大学泰州科技学院,,,,,211|双一流,,,,,,,moderate,
C948,郑州健康学院,,,,,,,,,,,,moderate,
D899,北京中医药大学东方学院,,,,,211|双一流,,,,,,,moderate,
E333,郑州升达经贸管理学院,,,,,,,,,,,,moderate,
D999,山东财经大学东方学院,,,,,,,,,,,,moderate,
D681,陕西科技大学镐京学院,,,,,,,,,,,,moderate,
A825,齐鲁医药学院,,,,,,,,,,,,moderate,
A466,河南农业大学,,,,,,,,,,,,moderate,
D992,常州大学怀德学院,,,,,,,,,,,,moderate,
C649,湖南科技大学潇湘学院,,,,,,,,,,,,moderate,
C715,西京学院,,,,,,,,,,,,moderate,
C650,南华大学船山学院,,,,,,,,,,,,moderate,
A758,新疆农业大学,,,,,,,,,,,,moderate,
D501,河南开封科技传媒学院,,,,,,,,,,,,moderate,
C689,东南大学成贤学院,,,,,985|211|双一流,,,,,,,moderate,
C784,河北传媒学院,,,,,,,,,,,,moderate,
A202,通化师范学院,,,,,,,,,,,,moderate,
D893,上海师范大学天华学院,,,,,,,,,,,,moderate,
B395,榆林学院,,,,,,,,,,,,moderate,
A676,云南农业大学,,,,,,,,,,,,moderate,
D594,河北地质大学华信学院,,,,,,,,,,,,moderate,
D669,四川传媒学院,,,,,,,,,,,,moderate,
D235,武汉城市学院,,,,,,,,,,,,moderate,
D115,厦门工学院,,,,,,,,,,,,moderate,
A598,广西医科大学,,,,,,,,,,,,moderate,
D256,湖北师范大学文理学院,,,,,,,,,,,,moderate,
A201,北华大学,,,,,,,,,,,,moderate,
A429,青岛理工大学,,,,,,,,,,,,moderate,
D242,武汉工商学院,,,,,,,,,,,,moderate,
A455,菏泽学院,,,,,,,,,,,,moderate,
E654,郑州西亚斯学院,,,,,,,,,,,,moderate,
B798,武汉东湖学院,,,,,,,,,,,,moderate,
C766,江西工程学院,,,,,,,,,,,,moderate,
D439,赣南师范大学科技学院,,,,,,,,,,,,moderate,
B330,安阳工学院,,,,,,,,,,,,moderate,
D905,南京工业大学浦江学院,,,,,,,,,,,,moderate,
D198,大连理工大学城市学院,,,,,985|211|双一流,,,,,,,moderate,
A431,齐鲁工业大学,,,,,,,,,,,,moderate,
D631,大连东软信息学院,,,,,,,,,,,,moderate,
D123,陕西国际商贸学院,,,,,,,,,,,,moderate,
E045,绵阳城市学院,,,,,,,,,,,,moderate,
E276,齐鲁师范学院,,,,,,,,,,,,moderate,
D614,马鞍山学院,,,,,,,,,,,,moderate,
A372,安庆师范大学,,,,,,,,,,,,moderate,
D500,商丘工学院,,,,,,,,,,,,moderate,
E225,河北东方学院,,,,,,,,,,,,moderate,
A430,山东建筑大学,,,,,,,,,,,,moderate,
D420,南昌职业大学,,,,,,,,,,,,moderate,
B635,哈尔滨信息工程学院,,,,,,,,,,,,moderate,
A214,哈尔滨理工大学,,,,,,,,,,,,moderate,
A153,沈阳建筑大学,,,,,,,,,,,,moderate,
D636,上海外国语大学贤达经济人文学院,,,,,211|双一流,,,,,,,moderate,
D220,沈阳城市学院,,,,,,,,,,,,moderate,
D238,湖北工业大学工程技术学院,,,,,,,,,,,,moderate,
D215,辽宁师范大学海华学院,,,,,,,,,,,,moderate,
D738,西安汽车职业大学,,,,,,,,,,,,moderate,
D993,南通大学杏林学院,,,,,,,,,,,,moderate,
D538,山西晋中理工学院,,,,,,,,,,,,moderate,
D619,阜阳理工学院,,,,,,,,,,,,moderate,
D986,江苏大学京江学院,,,,,,,,,,,,moderate,
D645,南宁理工学院,,,,,,,,,,,,moderate,
D664,武汉工程科技学院,,,,,,,,,,,,moderate,
D383,山东财经大学燕山学院,,,,,,,,,,,,moderate,
D903,成都锦城学院,,,,,,,,,,,,moderate,
D980,南京医科大学康达学院,,,,,,,,,,,,moderate,
D816,四川工业科技学院,,,,,,,,,,,,moderate,
D843,南京师范大学泰州学院,,,,,211|双一流,,,,,,,moderate,
D299,哈尔滨石油学院,,,,,,,,,,,,moderate,
D620,淮北理工学院,,,,,,,,,,,,moderate,
N012,香港珠海学院,,,,,,,,,,,,moderate,
D988,江苏师范大学科文学院,,,,,,,,,,,,moderate,
C915,上海中侨职业技术大学,,,,,,,,,,,,moderate,
B810,海南医科大学,,,,,,,,,,,,moderate,
A642,重庆文理学院,,,,,,,,,,,,moderate,
A619,西南科技大学,,,,,,,,,,,,moderate,
D497,郑州财经学院,,,,,,,,,,,,moderate,
A435,青岛农业大学,,,,,,,,,,,,moderate,
C636,成都东软学院,,,,,,,,,,,,moderate,
C617,广州城市理工学院,,,,,,,,,,,,moderate,
E200,银川科技学院,,,,,,,,,,,,moderate,
B510,山东交通学院,,,,,,,,,,,,moderate,
D682,西安工商学院,,,,,,,,,,,,moderate,
E037,西南财经大学天府学院,,,,,211|双一流,,,,,,,moderate,
E226,运城职业技术大学,,,,,,,,,,,,moderate,
A904,枣庄学院,,,,,,,,,,,,moderate,
A748,青海民族大学,,,,,,,,,,,,moderate,
D239,武汉工程大学邮电与信息工程学院,,,,,,,,,,,,moderate,
A448,德州学院,,,,,,,,,,,,moderate,
D408,华北理工大学轻工学院,,,,,,,,,,,,moderate,
E439,山东农业工程学院,,,,,,,,,,,,moderate,
A660,贵州医科大学,,,,,,,,,,,,moderate,
D469,厦门大学嘉庚学院,,,,,985|211|双一流,,,,,,,moderate,
D431,南昌交通学院,,,,,,,,,,,,moderate,
A601,桂林医科大学,,,,,,,,,,,,moderate,
C810,安徽文达信息工程学院,,,,,,,,,,,,moderate,
A608,广西民族大学,,,,,,,,,,,,moderate,
D245,荆州学院,,,,,,,,,,,,moderate,
D569,西安交通工程学院,,,,,,,,,,,,moderate,
B437,长春工程学院,,,,,,,,,,,,moderate,
A454,济宁学院,,,,,,,,,,,,moderate,
E030,西安信息职业大学,,,,,,,,,,,,moderate,
A451,鲁东大学,,,,,,,,,,,,moderate,
C309,武昌首义学院,,,,,,,,,,,,moderate,
D679,西安建筑科技大学华清学院,,,,,,,,,,,,moderate,
E042,西安科技大学高新学院,,,,,,,,,,,,moderate,
D894,西安明德理工学院,,,,,,,,,,,,moderate,
D606,长春科技学院,,,,,,,,,,,,moderate,
A402,闽南师范大学,,,,,,,,,,,,moderate,
C619,广州南方学院,,,,,,,,,,,,moderate,
B840,西安医学院,,,,,,,,,,,,moderate,
E001,聊城大学东昌学院,,,,,,,,,,,,moderate,
A671,贵州财经大学,,,,,,,,,,,,moderate,
D924,湖南交通工程学院,,,,,,,,,,,,moderate,
D650,贵阳信息科技学院,,,,,,,,,,,,moderate,
C544,宁夏理工学院,,,,,,,,,,,,moderate,
A452,临沂大学,,,,,,,,,,,,moderate,
C310,武昌理工学院,,,,,,,,,,,,moderate,
D613,安徽信息工程学院,,,,,,,,,,,,moderate,
D075,河北美术学院,,,,,,,,,,,,moderate,
D601,长春工业大学人文信息学院,,,,,,,,,,,,moderate,
A405,东华理工大学,,,,,,,,,,,,moderate,
D438,江西师范大学科学技术学院,,,,,,,,,,,,moderate,
D604,吉林建筑科技学院,,,,,,,,,,,,moderate,
D326,滇池学院,,,,,,,,,,,,moderate,
A600,广西中医药大学,,,,,,,,,,,,moderate,
B242,太原学院,,,,,,,,,,,,moderate,
D603,长春财经学院,,,,,,,,,,,,moderate,
D441,江西财经大学现代经济管理学院,,,,,,,,,,,,moderate,
D891,保定理工学院,,,,,,,,,,,,moderate,
D201,沈阳工学院,,,,,,,,,,,,moderate,
E899,湖北三峡航空学院,,,,,,,,,,,,moderate,
D125,陕西服装工程学院,,,,,,,,,,,,moderate,
E043,四川文化艺术学院,,,,,,,,,,,,moderate,
D762,福州外语外贸学院,,,,,,,,,,,,moderate,
D902,广州新华学院,,,,,,,,,,,,moderate,
B837,桂林旅游学院,,,,,,,,,,,,moderate,
B313,福建商学院,,,,,,,,,,,,moderate,
C574,广东东软学院,,,,,,,,,,,,moderate,
B800,汉口学院,,,,,,,,,,,,moderate,
D602,长春电子科技学院,,,,,,,,,,,,moderate,
C618,广州软件学院,,,,,,,,,,,,moderate,
B122,三江学院,,,,,,,,,,,,moderate,
D262,文华学院,,,,,,,,,,,,moderate,
A447,聊城大学,,,,,,,,,,,,moderate,
C303,湖南涉外经济学院,,,,,,,,,,,,moderate,
D615,合肥城市学院,,,,,,,,,,,,moderate,
C713,西安外事学院,,,,,,,,,,,,moderate,
C560,云南经济管理学院,,,,,,,,,,,,moderate,
D300,黑龙江工商学院,,,,,,,,,,,,moderate,
E172,海南科技职业大学,,,,,,,,,,,,moderate,
D985,苏州科技大学天平学院,,,,,,,,,,,,moderate,
D240,武汉纺织大学外经贸学院,,,,,,,,,,,,moderate,
B400,西安培华学院,,,,,,,,,,,,moderate,
D325,宁夏大学新华学院,,,,,211|双一流,,,,,,,moderate,
D920,广西城市职业大学,,,,,,,,,,,,moderate,
C795,南昌理工学院,,,,,,,,,,,,moderate,
D421,南昌工学院,,,,,,,,,,,,moderate,
C709,厦门华厦学院,,,,,,,,,,,,moderate,
D720,广东理工学院,,,,,,,,,,,,moderate,
B418,北京城市学院,,,,,,,,,,,,moderate,
D241,武昌工学院,,,,,,,,,,,,moderate,
A736,西北师范大学,,,,,,,,,,,,moderate,
D644,桂林信息科技学院,,,,,,,,,,,,moderate,
A846,江西科技学院,,,,,,,,,,,,moderate,
C216,安徽新华学院,,,,,,,,,,,,moderate,
D641,桂林学院,,,,,,,,,,,,moderate,
D892,三亚学院,,,,,,,,,,,,moderate,
E202,沧州交通学院,,,,,,,,,,,,moderate,
D328,丽江文化旅游学院,,,,,,,,,,,,moderate,
E829,海南比勒费尔德应用科学大学,,,,,,,,,,,,moderate,
C802,吉利学院,,,,,,,,,,,,moderate,
E203,皖江工学院,,,,,,,,,,,,moderate,
C712,西安欧亚学院,,,,,,,,,,,,moderate,
D997,青岛农业大学海都学院,,,,,,,,,,,,moderate,
A859,天津天狮学院,,,,,,,,,,,,moderate,
E087,天津财经大学珠江学院,,,,,,,,,,,,moderate,
B549,南宁学院,,,,,,,,,,,,moderate,
B066,烟台大学,,,,,,,,,,,,moderate,
C587,上海立达学院,,,,,,,,,,,,moderate,
C779,山西应用科技学院,,,,,,,,,,,,moderate,
C938,江西应用科技学院,,,,,,,,,,,,moderate,
D391,河北科技学院,,,,,,,,,,,,moderate,
C658,岳阳学院,,,,,,,,,,,,moderate,
D515,兰州信息科技学院,,,,,,,,,,,,moderate,
E327,青岛电影学院,,,,,,,,,,,,moderate,
D304,黑龙江工程学院昆仑旅游学院,,,,,,,,,,,,moderate,
D820,银川能源学院,,,,,,,,,,,,moderate,
D514,兰州博文科技学院,,,,,,,,,,,,moderate,
D605,长春建筑学院,,,,,,,,,,,,moderate,
D418,江西服装学院,,,,,,,,,,,,moderate,
D599,大连艺术学院,,,,,,,,,,,,moderate,
D626,昆明理工大学津桥学院,,,,,,,,,,,,moderate,
E040,郑州商学院,,,,,,,,,,,,moderate,
D714,广州工商学院,,,,,,,,,,,,moderate,
C332,烟台南山学院,,,,,,,,,,,,moderate,
C928,泉州职业技术大学,,,,,,,,,,,,moderate,
D830,广西外国语学院,,,,,,,,,,,,moderate,
B446,黑龙江东方学院,,,,,,,,,,,,moderate,
E002,烟台科技学院,,,,,,,,,,,,moderate,
D322,山东现代学院,,,,,,,,,,,,moderate,
C729,齐齐哈尔工程学院,,,,,,,,,,,,moderate,
C843,潍坊科技学院,,,,,,,,,,,,moderate,
D727,新疆天山职业技术大学,,,,,,,,,,,,moderate,
A446,曲阜师范大学,,,,,,,,,,,,moderate,
D656,广州华立学院,,,,,,,,,,,,moderate,
D874,山东外事职业大学,,,,,,,,,,,,moderate,
D721,广东工商职业技术大学,,,,,,,,,,,,moderate,
D387,山东外国语职业技术大学,,,,,,,,,,,,moderate,
D468,阳光学院,,,,,,,,,,,,moderate,
D607,吉林动画学院,,,,,,,,,,,,moderate,
C056,南通理工学院,,,,,,,,,,,,moderate,
D957,辽宁传媒学院,,,,,,,,,,,,moderate,
E262,西南交通大学希望学院,,,,,211|双一流,,,,,,,moderate,
C308,海口经济学院,,,,,,,,,,,,moderate,
D356,山东工程职业技术大学,,,,,,,,,,,,moderate,
D511,兰州工商学院,,,,,,,,,,,,moderate,
D600,长春光华学院,,,,,,,,,,,,moderate,
D624,泰山科技学院,,,,,,,,,,,,moderate,
D773,福州理工学院,,,,,,,,,,,,moderate,
D324,山东协和学院,,,,,,,,,,,,moderate,
D766,泉州信息工程学院,,,,,,,,,,,,moderate,
D320,青岛黄海学院,,,,,,,,,,,,moderate,
D006,山东英才学院,,,,,,,,,,,,moderate,
E038,天津仁爱学院,,,,,,,,,,,,moderate,
D998,齐鲁理工学院,,,,,,,,,,,,moderate,
E000,潍坊理工学院,,,,,,,,,,,,moderate,
D995,青岛工学院,,,,,,,,,,,,moderate,
A908,山东工艺美术学院,,,,,,,,,,,,moderate,
D015,青岛恒星科技学院,,,,,,,,,,,,moderate,
A868,青岛滨海学院,,,,,,,,,,,,moderate,
D857,山东华宇工学院,,,,,,,,,,,,moderate,
D359,烟台理工学院,,,,,,,,,,,,moderate,
D378,青岛城市学院,,,,,,,,,,,,moderate,
